{
  "best": {
    "epoch": 350,
    "lr": 0.000113,
    "pose": 0.044424,
    "sal": 0.9185,
    "scorer": 3.9655,
    "seg": 0.03482,
    "total": 4.0574
  },
  "host": "local-mps",
  "last": {
    "epoch": 410,
    "lr": 4.9e-05,
    "pose": 0.070213,
    "sal": 0.8684,
    "scorer": 4.0834,
    "seg": 0.034564,
    "total": 4.1702
  },
  "log_path": "/private/tmp/pact-mine/experiments/postfilter_weights/train_long500_h32.log",
  "slug": "local-long500-h32",
  "status": "running",
  "written_at": "2026-04-08T21:58:50.579242+00:00"
}