{
  "canonical_score_source_required": "archive.zip -> inflate.sh -> upstream/evaluate.py via experiments/contest_auth_eval.py --device cuda",
  "cmg3": {
    "body_bytes": 70778,
    "body_sha256": "e1bb855b68c2657b69ee61c05df4281f57765759e39826577a05d3b850b770a2",
    "class_count": 5,
    "compression_candidates": [
      {
        "body_bytes": 70778,
        "body_sha256": "e1bb855b68c2657b69ee61c05df4281f57765759e39826577a05d3b850b770a2",
        "compressor": "bz2"
      },
      {
        "body_bytes": 79540,
        "body_sha256": "48718520ab5a011c973f6f42a247176af8b309ef57a7bb527cb5bdcd475bf992",
        "compressor": "lzma_xz"
      },
      {
        "body_bytes": 141829,
        "body_sha256": "9c1146da3b24251771a6be6c8fc8ff2fc62fe717543000b4741eb7e5127d48fe",
        "compressor": "zlib"
      },
      {
        "body_bytes": 1342295,
        "body_sha256": "0ebd8b2d6d85b40243bf97e484c4453879af44718a1b7460c3c7418ee5cfe594",
        "compressor": "raw"
      }
    ],
    "compressor": "bz2",
    "default_class": 0,
    "frame_count": 600,
    "height": 384,
    "lossless_under_builder": false,
    "max_runs_per_row": 2,
    "mode": "nonzero_row_runs_topk_v1",
    "payload_bytes": 75362,
    "payload_sha256": "5b9eb3c45e2c9a890e621f26b97f89770bff097d02f341fc830d42d3d57b0f72",
    "pixel_disagreement_count_vs_source": 4177455,
    "pixel_disagreement_vs_source": 0.03541272481282552,
    "promotion_eligible": false,
    "reconstructed_mask_u8_sha256": "8cb6cb412172b4ee833b50a4a01041744c58d973f94eb0179ecb399226dd3fa1",
    "record_struct": "u8_count_then_u8_class_u16_start_u16_end_le",
    "run_stats": {
      "available_rank_histogram": {
        "1": 222328,
        "10": 643,
        "11": 441,
        "12": 200,
        "13": 120,
        "14": 49,
        "15": 30,
        "16": 14,
        "17": 4,
        "18": 1,
        "19": 1,
        "2": 50412,
        "3": 35409,
        "4": 25847,
        "5": 18189,
        "6": 10749,
        "7": 5745,
        "8": 2272,
        "9": 1275
      },
      "base_required_runs": 222328,
      "base_runs_per_row": 1,
      "base_top1_runs": 222328,
      "body_search": {
        "effective_extra_run_cap": 51,
        "selected_by": "target_extra_runs_only",
        "target_body_bytes": null
      },
      "candidate_extra_runs": 148623,
      "max_available_runs_per_row": 19,
      "max_selected_runs_per_row": 2,
      "pixel_disagreement": 0.03541272481282552,
      "pixel_disagreement_count": 4177455,
      "reconstructed_tensor_sha256": "8cb6cb412172b4ee833b50a4a01041744c58d973f94eb0179ecb399226dd3fa1",
      "rows_with_extra_runs": 51,
      "selected_class_histogram": {
        "1": 28923,
        "2": 124688,
        "3": 7660,
        "4": 61108
      },
      "selected_extra_class_histogram": {
        "2": 51
      },
      "selected_extra_priority_max": 59.26263281250001,
      "selected_extra_priority_min": 49.7718203125,
      "selected_extra_rank_histogram": {
        "2": 38,
        "3": 13
      },
      "selected_extra_runs": 51,
      "selected_rank_histogram": {
        "1": 222328,
        "2": 38,
        "3": 13
      },
      "selected_rows_by_run_count": {
        "0": 8072,
        "1": 222277,
        "2": 51
      },
      "selected_run_fraction": 0.5950274129114947,
      "selected_runs": 222379,
      "total_nonzero_runs": 373729
    },
    "run_stream_bytes": 1342295,
    "run_stream_sha256": "0ebd8b2d6d85b40243bf97e484c4453879af44718a1b7460c3c7418ee5cfe594",
    "schema": "cmg3a_adaptive_nonzero_row_runs_candidate_v1",
    "score_claim": false,
    "selection_policy": {
      "adaptive_max_runs_per_row": 8,
      "base_runs_per_row": 1,
      "effective_extra_run_cap": 50000,
      "effective_field_candidate_pool": {
        "candidate_extra_runs_available": 51,
        "selected_extra_runs_from_field_pool": 51
      },
      "evidence_boundary": "Policy is a deterministic byte-screen prior. It is not scorer, promotion, or retirement evidence without exact CUDA auth eval.",
      "field_atom_policy": {
        "already_base_atom_count": 13,
        "already_base_atoms": [
          {
            "class_id": 2,
            "frame_index": 587,
            "x0": 218,
            "x1_exclusive": 505,
            "y": 171
          },
          {
            "class_id": 2,
            "frame_index": 588,
            "x0": 216,
            "x1_exclusive": 503,
            "y": 171
          },
          {
            "class_id": 2,
            "frame_index": 104,
            "x0": 108,
            "x1_exclusive": 323,
            "y": 169
          },
          {
            "class_id": 2,
            "frame_index": 86,
            "x0": 124,
            "x1_exclusive": 344,
            "y": 167
          },
          {
            "class_id": 2,
            "frame_index": 585,
            "x0": 267,
            "x1_exclusive": 490,
            "y": 171
          },
          {
            "class_id": 2,
            "frame_index": 586,
            "x0": 217,
            "x1_exclusive": 484,
            "y": 170
          },
          {
            "class_id": 2,
            "frame_index": 513,
            "x0": 8,
            "x1_exclusive": 246,
            "y": 181
          },
          {
            "class_id": 2,
            "frame_index": 467,
            "x0": 50,
            "x1_exclusive": 250,
            "y": 178
          },
          {
            "class_id": 2,
            "frame_index": 140,
            "x0": 10,
            "x1_exclusive": 182,
            "y": 177
          },
          {
            "class_id": 2,
            "frame_index": 521,
            "x0": 44,
            "x1_exclusive": 251,
            "y": 178
          },
          {
            "class_id": 2,
            "frame_index": 519,
            "x0": 91,
            "x1_exclusive": 264,
            "y": 176
          },
          {
            "class_id": 2,
            "frame_index": 550,
            "x0": 36,
            "x1_exclusive": 231,
            "y": 177
          },
          {
            "class_id": 2,
            "frame_index": 577,
            "x0": 18,
            "x1_exclusive": 218,
            "y": 179
          }
        ],
        "contract": "selected_row_run_atoms identify source row-run atoms by frame_index,y,x0,x1_exclusive,class_id. Atoms already present in the mandatory base_runs_per_row prefix are recorded and not re-encoded.",
        "duplicate_selected_atom_count": 0,
        "expected_base_runs_per_row": null,
        "matched_extra_atom_count": 51,
        "policy_id": "extopt_yf_rank1_sparse_pair_frame_class_top0064",
        "requested_row_run_atom_count": 64,
        "source_basename": "policies.json",
        "source_mode": "contest",
        "source_schema": "yousfi_fridrich_atom_field_allocator_v1",
        "source_sha256": "0d95d81fe8c7c05617629969332de7f8b4c58d5cfac23e69d6b21f57f002b22e",
        "unmatched_atom_count": 0,
        "unmatched_atoms": []
      },
      "hard_frame_indices": {
        "frame_count": 0,
        "frames": [],
        "sources": []
      },
      "priority_formula": "After base_runs_per_row ranked nonzero row runs are kept, extra atoms are ranked by length * class_weight * (1 + foveal_row_weight*row_center + foveal_col_weight*col_center) * hard_frame_multiplier_if_selected * (1 + boundary_detail_weight*short_run_prior) * rank_decay**max(0, rank-2) / raw_bytes_per_extra_atom",
      "raw_bytes_per_extra_atom": 5.0,
      "row_rank_prefix_required": false,
      "schema": "cmg3a_adaptive_global_nonzero_row_run_policy_v1",
      "selected_extra_runs": 51,
      "selected_max_runs_per_row": 2,
      "selector": "field_equation_explicit_row_run_policy_after_base_runs_per_row",
      "sort_order": "priority_desc_then_frame_row_rank_start_end_class",
      "target_body_bytes": null,
      "target_extra_runs": null,
      "weights": {
        "boundary_detail_weight": 0.08,
        "boundary_reference_run_length": 64,