{
  "canonical_score_source_required": "archive.zip -> inflate.sh -> upstream/evaluate.py via experiments/contest_auth_eval.py --device cuda",
  "cmg3": {
    "body_bytes": 70908,
    "body_sha256": "22f527aca5d51977c719e39fe7a31333021c1b26cf889eb36a1007501c0ed568",
    "class_count": 5,
    "compression_candidates": [
      {
        "body_bytes": 70908,
        "body_sha256": "22f527aca5d51977c719e39fe7a31333021c1b26cf889eb36a1007501c0ed568",
        "compressor": "bz2"
      },
      {
        "body_bytes": 79632,
        "body_sha256": "6ec10b657320739aa858e23648317a7e18c9a683b638ac1f5d9112d04a7f9fdc",
        "compressor": "lzma_xz"
      },
      {
        "body_bytes": 141839,
        "body_sha256": "8b6d903190195ac62920b5e655121e7fde0a5474da69dbed0ecf54d9830c850a",
        "compressor": "zlib"
      },
      {
        "body_bytes": 1342360,
        "body_sha256": "5500bcd043dac1a6ce0d8cda374fa040d967aec7d42d3fdc06677fdccc952f35",
        "compressor": "raw"
      }
    ],
    "compressor": "bz2",
    "default_class": 0,
    "frame_count": 600,
    "height": 384,
    "lossless_under_builder": false,
    "max_runs_per_row": 2,
    "mode": "nonzero_row_runs_topk_v1",
    "payload_bytes": 74599,
    "payload_sha256": "c25df72af73c1ea8a0264aad3ab2b5a976771a77e7dbc2029bf7599ac13ba1aa",
    "pixel_disagreement_count_vs_source": 4171478,
    "pixel_disagreement_vs_source": 0.03536205715603299,
    "promotion_eligible": false,
    "reconstructed_mask_u8_sha256": "a236a0aedd8bdca6347929e5d79f190620f6bf811f5bad5aa989c22beffe5fee",
    "record_struct": "u8_count_then_u8_class_u16_start_u16_end_le",
    "run_stats": {
      "available_rank_histogram": {
        "1": 222328,
        "10": 643,
        "11": 441,
        "12": 200,
        "13": 120,
        "14": 49,
        "15": 30,
        "16": 14,
        "17": 4,
        "18": 1,
        "19": 1,
        "2": 50412,
        "3": 35409,
        "4": 25847,
        "5": 18189,
        "6": 10749,
        "7": 5745,
        "8": 2272,
        "9": 1275
      },
      "base_required_runs": 222328,
      "base_runs_per_row": 1,
      "base_top1_runs": 222328,
      "body_search": {
        "effective_extra_run_cap": 64,
        "selected_by": "target_extra_runs_only",
        "target_body_bytes": null
      },
      "candidate_extra_runs": 148623,
      "max_available_runs_per_row": 19,
      "max_selected_runs_per_row": 2,
      "pixel_disagreement": 0.03536205715603299,
      "pixel_disagreement_count": 4171478,
      "reconstructed_tensor_sha256": "a236a0aedd8bdca6347929e5d79f190620f6bf811f5bad5aa989c22beffe5fee",
      "rows_with_extra_runs": 64,
      "selected_class_histogram": {
        "1": 28923,
        "2": 124701,
        "3": 7660,
        "4": 61108
      },
      "selected_extra_class_histogram": {
        "2": 64
      },
      "selected_extra_priority_max": 67.55013281250001,
      "selected_extra_priority_min": 67.3120703125,
      "selected_extra_rank_histogram": {
        "2": 64
      },
      "selected_extra_runs": 64,
      "selected_rank_histogram": {
        "1": 222328,
        "2": 64
      },
      "selected_rows_by_run_count": {
        "0": 8072,
        "1": 222264,
        "2": 64
      },
      "selected_run_fraction": 0.5950621974746407,
      "selected_runs": 222392,
      "total_nonzero_runs": 373729
    },
    "run_stream_bytes": 1342360,
    "run_stream_sha256": "5500bcd043dac1a6ce0d8cda374fa040d967aec7d42d3fdc06677fdccc952f35",
    "schema": "cmg3a_adaptive_nonzero_row_runs_candidate_v1",
    "score_claim": false,
    "selection_policy": {
      "adaptive_max_runs_per_row": 8,
      "base_runs_per_row": 1,
      "effective_extra_run_cap": 50000,
      "effective_field_candidate_pool": {
        "candidate_extra_runs_available": 64,
        "selected_extra_runs_from_field_pool": 64
      },
      "evidence_boundary": "Policy is a deterministic byte-screen prior. It is not scorer, promotion, or retirement evidence without exact CUDA auth eval.",
      "field_atom_policy": {
        "already_base_atom_count": 0,
        "already_base_atoms": [],
        "contract": "selected_row_run_atoms identify source row-run atoms by frame_index,y,x0,x1_exclusive,class_id. Atoms already present in the mandatory base_runs_per_row prefix are recorded and not re-encoded.",
        "duplicate_selected_atom_count": 0,
        "expected_base_runs_per_row": null,
        "matched_extra_atom_count": 64,
        "policy_id": "c067_top1_yf_sparse_pair_frame_class_top0064",
        "requested_row_run_atom_count": 64,
        "source_basename": "top1_plan.json",
        "source_mode": "both",
        "source_schema": "yousfi_fridrich_atom_field_allocator_v1",
        "source_sha256": "9748928a055d9ffad6e10bb4ea8763b702202911453ef8fe201814516d72b2b3",
        "unmatched_atom_count": 0,
        "unmatched_atoms": []
      },
      "hard_frame_indices": {
        "frame_count": 0,
        "frames": [],
        "sources": []
      },
      "priority_formula": "After base_runs_per_row ranked nonzero row runs are kept, extra atoms are ranked by length * class_weight * (1 + foveal_row_weight*row_center + foveal_col_weight*col_center) * hard_frame_multiplier_if_selected * (1 + boundary_detail_weight*short_run_prior) * rank_decay**max(0, rank-2) / raw_bytes_per_extra_atom",
      "raw_bytes_per_extra_atom": 5.0,
      "row_rank_prefix_required": false,
      "schema": "cmg3a_adaptive_global_nonzero_row_run_policy_v1",
      "selected_extra_runs": 64,
      "selected_max_runs_per_row": 2,
      "selector": "field_equation_explicit_row_run_policy_after_base_runs_per_row",
      "sort_order": "priority_desc_then_frame_row_rank_start_end_class",
      "target_body_bytes": null,
      "target_extra_runs": null,
      "weights": {
        "boundary_detail_weight": 0.08,
        "boundary_reference_run_length": 64,
        "class_weight_note": "Explicit byte-screen priors only: class-id preference for likely vehicle/lane/boundary/source-sensitive mask structure. Not score evidence.",
        "class_weights": {
          "1": 1.08,
          "2": 1.3,
          "3": 1.22,
          "4": 1.16
        },
        "foveal_col_weight": 0.2,
        "foveal_row_weight": 0.2,
        "hard_frame_multiplier": 1.35,
        "rank_decay": 0.92
      },
      "wire_mode": "nonzero_row_runs_topk_v1"
    },
    "selector": "cmg3a_adaptive_global_budget",
    "source_mask_u8_sha256": "0344fcfc39e683f21a71db1085a8697a94c4606f91f883362e9acc02fc7b5b45",
    "width": 512
  },
  "decoded_mask_array": {
    "npy_sha256": "13f81851ae206f6142cd3348db5537eda4ea832665052824816f4d1bf432de0c",
    "path": "/Users/adpena/Projects/pact/experiments/results/c063_trace_weighted_mask_grammar_plan_20260502_codex/decoded_mask_array.npy",
    "shape": [
      600,
      384,
      512
    ],
    "tensor_sha256": "0344fcfc39e683f21a71db1085a8697a94c4606f91f883362e9acc02fc7b5b45"
  },
  "evidence_grade": "empirical_byte_screen_archive_candidate_until_exact_cuda",
  "frontier_archive": {
    "bytes": 276214,
    "path": "/Users/adpena/Projects/pact/experiments/results/lightning_batch/exact_eval_c063_fixedslice_equiv_t4_20260502T0855Z/archive.zip",
    "sha256": "226475de42ec00d66287a39f98fe6d2eb0464b90738714e5ef05fa4ee8efb38a"
  },
  "output_archive": {
    "bytes": 129257,
    "delta_bytes_vs_frontier": -146957,
    "formula_only_rate_delta_vs_frontier": -0.09785263417397494,
    "path": "/Users/adpena/Projects/pact/experiments/results/pr75_qp1_nextwave_sub314_20260503_worker/cmg3_yf_top1base_top0064/archive.zip",
    "sha256": "97d0bbb02ef1c19f0db907054e3af94f2d25bf5a1264d2c520caa46bbaef5663"
  },
  "packed_payload": {
    "brotli_quality": 11,
    "evidence_grade": "empirical",
    "formula_only_rate_delta": -0.008098176587871849,
    "header": {
      "members": [
        {
          "bytes": 59288,
          "codec": "raw",
          "name": "renderer.bin",