{
  "actual_signature": {
    "auth_loss_with_eval_rt_training": 0.002484090393409133,
    "auth_loss_without_eval_rt_training": 5.863308979314752e-05,
    "proxy_auth_gap_ratio_at_auth_time": 0.023603444523884753,
    "tto_with_eval_roundtrip": {
      "final_loss": 0.0024837360251694918,
      "initial_loss": 0.002607564674690366,
      "loss_reduction_ratio": 0.9525117629016898,
      "loss_trajectory_first10": [
        0.002607564674690366,
        0.002603683853521943,
        0.0026008912827819586,
        0.0025964516680687666,
        0.0025945662055164576,
        0.002590297255665064,
        0.0025927128735929728,
        0.002577689476311207,
        0.002587108640000224,
        0.0025722626596689224
      ],
      "loss_trajectory_last10": [
        0.002496771514415741,
        0.002509236102923751,
        0.0024960602167993784,
        0.0024983424227684736,
        0.0024844007566571236,
        0.0024991256650537252,
        0.0025019131135195494,
        0.002495651366189122,
        0.0024982912000268698,
        0.0024837360251694918
      ],
      "monotone_decreasing_sample": false,
      "n_steps": 100
    },
    "tto_without_eval_roundtrip": {
      "final_loss": 6.258258508751169e-05,
      "initial_loss": 0.002606762573122978,
      "loss_reduction_ratio": 0.024007781043340632,
      "loss_trajectory_first10": [
        0.002606762573122978,
        0.0025218825321644545,
        0.0024390348698943853,
        0.0023582170251756907,
        0.0022794518154114485,
        0.002202741103246808,
        0.002128064865246415,
        0.0020553998183459044,
        0.0019847285002470016,
        0.001916034729219973
      ],
      "loss_trajectory_last10": [
        8.850989252096042e-05,
        8.517116657458246e-05,
        8.195726695703343e-05,
        7.88635661592707e-05,
        7.58855021558702e-05,
        7.301868026843295e-05,
        7.025893137324601e-05,
        6.760222458979115e-05,
        6.504466728074476e-05,
        6.258258508751169e-05
      ],
      "monotone_decreasing_sample": true,
      "n_steps": 100
    }
  },
  "axis_tag": "[macOS-CPU advisory]",
  "canonical_equation_reference": "Catalog #356 per-axis decomposition + canonical PR101 pose codec (canonical_equations registry)",
  "canonical_provenance": {
    "axis_tag": "[macOS-CPU advisory]",
    "evidence_grade": "macOS-CPU-advisory",
    "hardware_substrate": "darwin_arm64_m5_max_macos_cpu_advisory",
    "kind": "macos_cpu_advisory",
    "promotable": false,
    "score_claim_valid": false,
    "source": "tier_1_distortion_axis_probe_4_per_pair_pose_tto"
  },
  "catalog_references": [
    "#356",
    "#287",
    "#323",
    "#192",
    "#1",
    "#313",
    "#523"
  ],
  "claude_md_non_negotiables_validated": [
    "eval_roundtrip \u2014 NON-NEGOTIABLE",
    "MPS auth eval is NOISE (using CPU; no MPS device selection)",
    "Forbidden device-selection defaults (the MPS-fallback trap)"
  ],
  "device": "cpu",
  "elapsed_seconds": 0.3294951915740967,
  "evidence_grade": "macOS-CPU-advisory",
  "hardware_substrate": "darwin_arm64_m5_max_macos_cpu_advisory",
  "lane_id": "lane_overnight_ccc_tier_1_distortion_axis_4_probes_macos_cpu_advisory_smoke_20260521",
  "n_pairs": 8,
  "next_action_on_POSITIVE": "Operator-routable: Tier-2 paid dispatch on PR 101 frontier per-pair pose TTO via Vast.ai 4090 / Lightning T4 / Modal T4; estimated cost ~$1-3; predicted \u0394S -0.005 to -0.010 [predicted] per AAA T4 \u00a72.6 + PR101 GOLD ~0.04 pose contribution baseline.",
  "pose_dim": 12,
  "predicted_signature": {
    "eval_roundtrip_benefit": "proxy-auth gap > 1.0x (training with eval_roundtrip wins at auth time)",
    "loss_decreases_over_tto": "final < initial (canonical convergence)",
    "loss_reduction_meaningful": "ratio < 0.95 (>5% reduction)",
    "monotone_decreasing": "sampled loss trajectory monotone (Adam stable)"
  },
  "probe_id": "tier_1_distortion_per_pair_pose_tto_smoke",
  "probe_name": "Per-pair pose TTO with eval_roundtrip discipline",
  "promotable": false,
  "recommendation": "PARTIAL: pose TTO converges but eval_roundtrip benefit ambiguous in proxy. Per CLAUDE.md 'Forbidden premature KILL': DEFER-PENDING-REAL-SCORER-EVALUATION; eval_roundtrip discipline must be validated via actual PoseNet forward, not uint8 cast surrogate.",
  "score_claim": false,
  "signature_checks": {
    "eval_roundtrip_benefit": false,
    "loss_decreases_over_tto": true,
    "loss_reduction_meaningful": false,
    "monotone_decreasing": false
  },
  "verdict": "POSITIVE_SIGNAL_PARTIAL"
}