{
  "config": {
    "checkpoint": "/tmp/distill_v2_latest_best.pt",
    "device": "mps",
    "n_frames": 20,
    "steps": 100,
    "lr": 0.001,
    "batch_pairs": 10,
    "seg_weight": 10000.0,
    "pose_weight": 1.0,
    "hinge_margin": 0.5,
    "upstream": "upstream/",
    "output_dir": "experiments/results/pose_tto_flipbudget",
    "video": null,
    "smoke": true,
    "eval_roundtrip": false,
    "early_stop_patience": 100,
    "argmax_constraint": true,
    "max_retries": 5,
    "flip_budget": 0.001,
    "latent_dim": 0,
    "gt_poses_path": null,
    "log_every": 10
  },
  "gt_score": {
    "score": 0.3163507600014701,
    "pose": 0.005713991075754166,
    "seg": 0.0007731120102107524,
    "rate": 0.0,
    "pose_contribution": 0.23903955898039483,
    "seg_contribution": 0.07731120102107525,
    "rate_contribution": 0.0,
    "n_pairs": 10
  },
  "optimized_score": {
    "score": 0.5903633078849506,
    "pose": 0.025989288091659547,
    "seg": 0.0008056640625,
    "rate": 0.0,
    "pose_contribution": 0.5097969016349506,
    "seg_contribution": 0.08056640625,
    "rate_contribution": 0.0,
    "n_pairs": 10
  },
  "delta_score": 0.2740125478834805,
  "total_time_s": 108.93471383291762,
  "total_steps": 100,
  "n_pairs": 10,
  "pose_delta_mean": 0.2482318878173828,
  "pose_delta_max": 0.2802584171295166,
  "batch_metrics": [
    {
      "steps_run": 100,
      "final_loss": 234.80857849121094,
      "final_pose_loss": 0.018999548628926277,
      "final_seg_loss": 0.023478958755731583,
      "initial_loss": 237.54544067382812,
      "improvement_pct": 1.1521425857948386,
      "argmax_rejections": 0,
      "batch_idx": 0,
      "time_s": 98.14133120793849
    }
  ],
  "archive_bytes_fp32": 240,
  "archive_bytes_fp16": 120
}