{
  "canonical_score_source_required": "archive.zip -> inflate.sh -> upstream/evaluate.py via experiments/contest_auth_eval.py --device cuda",
  "cmg3": {
    "body_bytes": 166684,
    "body_sha256": "906229cc53264e1d1e695fb895044aa51f9a0606125fb9dca575ccac43778d06",
    "class_count": 5,
    "compression_candidates": [
      {
        "body_bytes": 166684,
        "body_sha256": "906229cc53264e1d1e695fb895044aa51f9a0606125fb9dca575ccac43778d06",
        "compressor": "lzma_xz"
      },
      {
        "body_bytes": 177018,
        "body_sha256": "87c1211e184e56c116b1873af3f9a47c26ced44dba5697f4cb582a73c15005f9",
        "compressor": "bz2"
      },
      {
        "body_bytes": 285792,
        "body_sha256": "c23be3084a12e8ab867c28275656706f4039c25c02e9fa9cf75887949c2d8df2",
        "compressor": "zlib"
      },
      {
        "body_bytes": 1594420,
        "body_sha256": "92c436fe576fdba08926b9e893f79dea9f74dccf7ea6ef8c33f5c17c9b1bcdf9",
        "compressor": "raw"
      }
    ],
    "compressor": "lzma_xz",
    "default_class": 0,
    "frame_count": 600,
    "height": 384,
    "lossless_under_builder": false,
    "max_runs_per_row": 3,
    "mode": "nonzero_row_runs_topk_v1",
    "payload_bytes": 170432,
    "payload_sha256": "8a2f00aeaaf46ee42bb4f5b7a21618697b7bf457a9577ee51c15110fb57cb4a5",
    "pixel_disagreement_count_vs_source": 1311974,
    "pixel_disagreement_vs_source": 0.011121741400824652,
    "promotion_eligible": false,
    "reconstructed_mask_u8_sha256": "f10f60ef1b9c5dc9e3fa88527304096355b7c4530e949765804c7d7ad4db6ae2",
    "record_struct": "u8_count_then_u8_class_u16_start_u16_end_le",
    "run_stats": {
      "available_rank_histogram": {
        "1": 222328,
        "10": 643,
        "11": 441,
        "12": 200,
        "13": 120,
        "14": 49,
        "15": 30,
        "16": 14,
        "17": 4,
        "18": 1,
        "19": 1,
        "2": 50412,
        "3": 35409,
        "4": 25847,
        "5": 18189,
        "6": 10749,
        "7": 5745,
        "8": 2272,
        "9": 1275
      },
      "base_required_runs": 272740,
      "base_runs_per_row": 2,
      "base_top1_runs": 272740,
      "body_search": {
        "effective_extra_run_cap": 64,
        "selected_by": "target_extra_runs_only",
        "target_body_bytes": null
      },
      "candidate_extra_runs": 98211,
      "max_available_runs_per_row": 19,
      "max_selected_runs_per_row": 3,
      "pixel_disagreement": 0.011121741400824652,
      "pixel_disagreement_count": 1311974,
      "reconstructed_tensor_sha256": "f10f60ef1b9c5dc9e3fa88527304096355b7c4530e949765804c7d7ad4db6ae2",
      "rows_with_extra_runs": 64,
      "selected_class_histogram": {
        "1": 53727,
        "2": 144424,
        "3": 11371,
        "4": 63282
      },
      "selected_extra_class_histogram": {
        "2": 60,
        "3": 4
      },
      "selected_extra_priority_max": 37.1512171875,
      "selected_extra_priority_min": 28.140758750000003,
      "selected_extra_rank_histogram": {
        "3": 61,
        "4": 3
      },
      "selected_extra_runs": 64,
      "selected_rank_histogram": {
        "1": 222328,
        "2": 50412,
        "3": 61,
        "4": 3
      },
      "selected_rows_by_run_count": {
        "0": 8072,
        "1": 171916,
        "2": 50348,
        "3": 64
      },
      "selected_run_fraction": 0.7299513818836644,
      "selected_runs": 272804,
      "total_nonzero_runs": 373729
    },
    "run_stream_bytes": 1594420,
    "run_stream_sha256": "92c436fe576fdba08926b9e893f79dea9f74dccf7ea6ef8c33f5c17c9b1bcdf9",
    "schema": "cmg3a_adaptive_nonzero_row_runs_candidate_v1",
    "score_claim": false,
    "selection_policy": {
      "adaptive_max_runs_per_row": 8,
      "base_runs_per_row": 2,
      "effective_extra_run_cap": 50000,
      "effective_field_candidate_pool": {
        "candidate_extra_runs_available": 64,
        "selected_extra_runs_from_field_pool": 64
      },
      "evidence_boundary": "Policy is a deterministic byte-screen prior. It is not scorer, promotion, or retirement evidence without exact CUDA auth eval.",
      "field_atom_policy": {
        "already_base_atom_count": 0,
        "already_base_atoms": [],
        "contract": "selected_row_run_atoms identify source row-run atoms by frame_index,y,x0,x1_exclusive,class_id. Atoms already present in the mandatory top1-per-row base are recorded and not re-encoded.",
        "duplicate_selected_atom_count": 0,
        "matched_extra_atom_count": 64,
        "policy_id": "c067_top2_yf_sparse_pair_frame_class_top0064",
        "requested_row_run_atom_count": 64,
        "source_mode": "both",
        "source_path": "/Users/adpena/Projects/pact/experiments/results/c067_yousfi_fridrich_field_equations_20260502/top2_plan.json",
        "source_schema": "yousfi_fridrich_atom_field_allocator_v1",
        "source_sha256": "1211573a3d83de61e70a95f35610fea6aca42149401a5e7f9fc920017e5845c1",
        "unmatched_atom_count": 0,
        "unmatched_atoms": []
      },
      "hard_frame_indices": {
        "frame_count": 0,
        "frames": [],
        "sources": []
      },
      "priority_formula": "After base_runs_per_row ranked nonzero row runs are kept, extra atoms are ranked by length * class_weight * (1 + foveal_row_weight*row_center + foveal_col_weight*col_center) * hard_frame_multiplier_if_selected * (1 + boundary_detail_weight*short_run_prior) * rank_decay**max(0, rank-2) / raw_bytes_per_extra_atom",
      "raw_bytes_per_extra_atom": 5.0,
      "row_rank_prefix_required": false,
      "schema": "cmg3a_adaptive_global_nonzero_row_run_policy_v1",
      "selected_extra_runs": 64,
      "selected_max_runs_per_row": 3,
      "selector": "field_equation_explicit_row_run_policy_after_base_runs_per_row",
      "sort_order": "priority_desc_then_frame_row_rank_start_end_class",
      "target_body_bytes": null,
      "target_extra_runs": null,
      "weights": {
        "boundary_detail_weight": 0.08,
        "boundary_reference_run_length": 64,
        "class_weight_note": "Explicit byte-screen priors only: class-id preference for likely vehicle/lane/boundary/source-sensitive mask structure. Not score evidence.",
        "class_weights": {
          "1": 1.08,
          "2": 1.3,
          "3": 1.22,
          "4": 1.16
        },
        "foveal_col_weight": 0.2,
        "foveal_row_weight": 0.2,
        "hard_frame_multiplier": 1.35,
        "rank_decay": 0.92
      },
      "wire_mode": "nonzero_row_runs_topk_v1"
    },
    "selector": "cmg3a_adaptive_global_budget",
    "source_mask_u8_sha256": "0344fcfc39e683f21a71db1085a8697a94c4606f91f883362e9acc02fc7b5b45",
    "width": 512
  },
  "decoded_mask_array": {
    "npy_sha256": "13f81851ae206f6142cd3348db5537eda4ea832665052824816f4d1bf432de0c",
    "path": "/Users/adpena/Projects/pact/experiments/results/c063_trace_weighted_mask_grammar_plan_20260502_codex/decoded_mask_array.npy",
    "shape": [
      600,
      384,
      512
    ],
    "tensor_sha256": "0344fcfc39e683f21a71db1085a8697a94c4606f91f883362e9acc02fc7b5b45"
  },
  "evidence_grade": "empirical_byte_screen_archive_candidate_until_exact_cuda",
  "frontier_archive": {
    "bytes": 276214,
    "path": "/Users/adpena/Projects/pact/experiments/results/lightning_batch/exact_eval_c063_fixedslice_equiv_t4_20260502T0855Z/archive.zip",
    "sha256": "226475de42ec00d66287a39f98fe6d2eb0464b90738714e5ef05fa4ee8efb38a"
  },
  "output_archive": {
    "bytes": 225537,
    "delta_bytes_vs_frontier": -50677,
    "formula_only_rate_delta_vs_frontier": -0.03374373416737228,
    "path": "/Users/adpena/Projects/pact/experiments/results/c067_yf_field_top2base_top0064_20260502/archive.zip",
    "sha256": "e0502b11c4bd843bcbd8b76fe529d3006b985eae2c3d66b79b0f8d47d2a52cf8"
  },
  "packed_payload": {
    "brotli_quality": 11,
    "evidence_grade": "empirical",
    "formula_only_rate_delta": -0.007800537635826238,
    "header": {
      "members": [
        {
          "bytes": 59288,
          "codec": "raw",