{
  "builder_config": {
    "alpha4_crf": 62,
    "alpha4_fps": 20,
    "class_priority": [
      2,
      1,
      3,
      4,
      0
    ],
    "fail_on_partial_repair": false,
    "max_frames": null,
    "max_repair_pixels": 2000000,
    "max_repair_runs": 1000000
  },
  "candidate": {
    "alpha4": {
      "agreement_before_repair": {
        "argmax_agreement": 0.994034733242,
        "argmax_disagreement": 0.005965266758,
        "candidate_shape": [
          1200,
          384,
          512
        ],
        "different_pixels": 1407383,
        "different_pixels_by_candidate_class": {
          "0": 126439,
          "1": 15938,
          "2": 625622,
          "3": 235982,
          "4": 403402
        },
        "different_pixels_by_source_class": {
          "0": 641922,
          "1": 428575,
          "2": 137331,
          "3": 116477,
          "4": 83078
        },
        "equal_pixels": 234522217,
        "num_pixels": 235929600,
        "residual_confusion_source_to_candidate": {
          "0": {
            "0": 0,
            "1": 9442,
            "2": 467298,
            "3": 26678,
            "4": 138504
          },
          "1": {
            "0": 47760,
            "1": 0,
            "2": 81733,
            "3": 190632,
            "4": 108450
          },
          "2": {
            "0": 53511,
            "1": 705,
            "2": 0,
            "3": 15172,
            "4": 67943
          },
          "3": {
            "0": 2443,
            "1": 5424,
            "2": 20105,
            "3": 0,
            "4": 88505
          },
          "4": {
            "0": 22725,
            "1": 367,
            "2": 56486,
            "3": 3500,
            "4": 0
          }
        },
        "shape_match": true,
        "source_shape": [
          1200,
          384,
          512
        ]
      },
      "class_to_gray": {
        "0": 0,
        "1": 255,
        "2": 64,
        "3": 192,
        "4": 128
      },
      "crf": 62,
      "decoded_candidate_masks": {
        "class_fractions": {
          "0": 0.230392244127,
          "1": 0.003999833001,
          "2": 0.497243609958,
          "3": 0.012755436367,
          "4": 0.255608876546
        },
        "class_histogram": {
          "0": 54356350,
          "1": 943679,
          "2": 117314486,
          "3": 3009385,
          "4": 60305700
        },
        "class_id_u8_sha256": "27c0510b524c30b9b948c8f65ff17676b1cfe34a1ebc1b2950587789530594ea",
        "dtype": "torch.int64",
        "num_pixels": 235929600,
        "shape": [
          1200,
          384,
          512
        ],
        "spatial_boundary_edges_4conn": 4781940,
        "temporal_changed_pixels": 2805248
      },
      "encode_command": [
        "/opt/homebrew/Cellar/ffmpeg/8.1_1/bin/ffmpeg",
        "-y",
        "-hide_banner",
        "-loglevel",
        "error",
        "-fflags",
        "+bitexact",
        "-flags",
        "+bitexact",
        "-f",
        "rawvideo",
        "-vcodec",
        "rawvideo",
        "-s",
        "512x384",
        "-pix_fmt",
        "gray",
        "-r",
        "20",
        "-i",
        "pipe:0",
        "-map_metadata",
        "-1",
        "-c:v",
        "libsvtav1",
        "-crf",
        "62",
        "-preset",
        "6",
        "-svtav1-params",
        "enable-restoration=0:enable-cdef=0:lp=1",
        "-pix_fmt",
        "gray",
        "-an",
        "experiments/results/alpha_mask_candidate_builder_pfp16_20260501_compact_crf_sweep/crf_62/grayscale.mkv"
      ],
      "fps": 20,
      "payload_format": "grayscale_lut_av1_mask_video"
    },
    "archive_member_plan": [
      {
        "candidate_archive_member": "grayscale.mkv",
        "required": true,
        "source_artifact_role": "alpha4_grayscale_lut_video"
      },
      {
        "candidate_archive_member": "alpha4_residual_repair.amr1",
        "required": true,
        "runtime_integration_required": true,
        "source_artifact_role": "alpha4_residual_repair_payload"
      }
    ],
    "artifacts": [
      {
        "candidate_archive_member": "grayscale.mkv",
        "path": "experiments/results/alpha_mask_candidate_builder_pfp16_20260501_compact_crf_sweep/crf_62/grayscale.mkv",
        "raw_payload_sha256": "e184e6a43c953860dae38f764fb0050827a4658d6779607aab5707c0d1bb87ef",
        "role": "alpha4_grayscale_lut_video",
        "sha256": "e184e6a43c953860dae38f764fb0050827a4658d6779607aab5707c0d1bb87ef",
        "size_bytes": 267238
      },
      {
        "candidate_archive_member": "alpha4_residual_repair.amr1",
        "path": "experiments/results/alpha_mask_candidate_builder_pfp16_20260501_compact_crf_sweep/crf_62/alpha4_residual_repair.amr1",
        "role": "alpha4_residual_repair_payload",
        "sha256": "6ec45000cfe0863b636d8996afa6ef46ce09d4fe53999297e48112c142d320db",
        "size_bytes": 8705941
      }
    ],
    "candidate_archive_readiness": {
      "artifacts_complete_for_selected_frames": true,
      "exact_cuda_auth_eval_required": "archive.zip -> inflate.sh -> upstream/evaluate.py via experiments/contest_auth_eval.py --device cuda",
      "exact_eval_archive_builder_required": true,
      "full_sequence_candidate": true,
      "ready_for_exact_eval_finalist_archive_assembly": true,
      "residual_repair_full_coverage": true
    },
    "evidence_grade": "empirical",
    "name": "alpha4_grayscale_lut_with_residual_runs",
    "promotion_eligible": false,
    "repair": {
      "agreement_after_repair": {
        "argmax_agreement": 1.0,
        "argmax_disagreement": 0.0,
        "candidate_shape": [
          1200,
          384,
          512
        ],
        "different_pixels": 0,
        "different_pixels_by_candidate_class": {
          "0": 0,
          "1": 0,
          "2": 0,
          "3": 0,
          "4": 0
        },
        "different_pixels_by_source_class": {
          "0": 0,
          "1": 0,
          "2": 0,
          "3": 0,
          "4": 0
        },
        "equal_pixels": 235929600,
        "num_pixels": 235929600,
        "residual_confusion_source_to_candidate": {
          "0": {
            "0": 0,
            "1": 0,
            "2": 0,
            "3": 0,
            "4": 0
          },
          "1": {
            "0": 0,
            "1": 0,
            "2": 0,
            "3": 0,
            "4": 0
          },
          "2": {
            "0": 0,
            "1": 0,
            "2": 0,
            "3": 0,
            "4": 0
          },
          "3": {
            "0": 0,
            "1": 0,
            "2": 0,
            "3": 0,
            "4": 0
          },
          "4": {
            "0": 0,
            "1": 0,
            "2": 0,
            "3": 0,
            "4": 0
          }
        },
        "shape_match": true,
        "source_shape": [
          1200,
          384,
          512
        ]
      },
      "header": {
        "candidate_mask_u8_sha256": "27c0510b524c30b9b948c8f65ff17676b1cfe34a1ebc1b2950587789530594ea",
        "magic": "AMR1",
        "operation": "set decoded_candidate[frame,y,x0:x0+length] = class_id for each record",
        "record_count": 791365,
        "record_struct": ">IHHHB",
        "schema": "alpha4_residual_repair_amr1_v1",
        "selection": {
          "class_priority": [
            2,
            1,
            3,
            4,
            0
          ],
          "fail_on_partial_repair": false,
          "max_repair_pixels": 2000000,
          "max_repair_runs": 1000000,
          "partial_reason": null,
          "partial_repair": false,
          "residual_pixel_coverage": 1.0,
          "selected_repair_pixels": 1407383,
          "selected_repair_pixels_by_source_class": {
            "0": 641922,
            "1": 428575,
            "2": 137331,
            "3": 116477,
            "4": 83078
          },
          "strategy": "alpha4_residual_runs_by_source_class_priority",
          "total_residual_pixels": 1407383,