{
  "started_at_utc": "2026-05-07T17:38:46Z",
  "substrate": "experiments/results/sensitivity_map_pr106_20260504_claude/state_dict.pt",
  "evidence_grade": "[empirical]",
  "score_claim": false,
  "brotli_quality": 11,
  "n_quant": 127,
  "n_tensors": 28,
  "ac_tensor_indices": [
    0,
    2,
    4,
    6,
    8,
    10,
    12,
    21
  ],
  "per_tensor": [
    {
      "idx": 0,
      "name": "stem.weight",
      "n_symbols": 48384,
      "scale": 0.012007844729686346,
      "in_pr103_ac_set": true,
      "H0_bits": 5.222101227699564,
      "H1_bits": 5.125571170145279,
      "H2_bits": 4.0053807381624,
      "shannon_floor_h0_bytes": 31584,
      "shannon_floor_h2_bytes": 24225,
      "brotli_bytes": 31892,
      "ac_bytes": 31632,
      "bits_per_symbol_brotli": 5.273148148148148,
      "bits_per_symbol_ac": 5.23015873015873,
      "ac_minus_brotli_bytes": -260,
      "regresses_ac_vs_brotli": false
    },
    {
      "idx": 1,
      "name": "stem.bias",
      "n_symbols": 1728,
      "scale": 0.016599183946143924,
      "in_pr103_ac_set": false,
      "H0_bits": 7.203411495331799,
      "H1_bits": 3.4544234396910225,
      "H2_bits": 0.095608082276161,
      "shannon_floor_h0_bytes": 1556,
      "shannon_floor_h2_bytes": 21,
      "brotli_bytes": 1619,
      "ac_bytes": null,
      "bits_per_symbol_brotli": 7.49537037037037,
      "bits_per_symbol_ac": null,
      "ac_minus_brotli_bytes": null,
      "regresses_ac_vs_brotli": false
    },
    {
      "idx": 2,
      "name": "blocks.0.weight",
      "n_symbols": 46656,
      "scale": 0.004730330677483026,
      "in_pr103_ac_set": true,
      "H0_bits": 5.828560266344522,
      "H1_bits": 5.615348626263891,
      "H2_bits": 3.552704561013515,
      "shannon_floor_h0_bytes": 33993,
      "shannon_floor_h2_bytes": 20720,
      "brotli_bytes": 34227,
      "ac_bytes": 34028,
      "bits_per_symbol_brotli": 5.868827160493828,
      "bits_per_symbol_ac": 5.834705075445816,
      "ac_minus_brotli_bytes": -199,
      "regresses_ac_vs_brotli": false
    },
    {
      "idx": 3,
      "name": "blocks.0.bias",
      "n_symbols": 144,
      "scale": 0.006810529494848777,
      "in_pr103_ac_set": false,
      "H0_bits": 6.497051022348002,
      "H1_bits": 0.677579391535532,
      "H2_bits": 0.0,
      "shannon_floor_h0_bytes": 117,
      "shannon_floor_h2_bytes": 0,
      "brotli_bytes": 148,
      "ac_bytes": null,
      "bits_per_symbol_brotli": 8.222222222222221,
      "bits_per_symbol_ac": null,
      "ac_minus_brotli_bytes": null,
      "regresses_ac_vs_brotli": false
    },
    {
      "idx": 4,
      "name": "blocks.1.weight",
      "n_symbols": 46656,
      "scale": 0.00406571260587437,
      "in_pr103_ac_set": true,
      "H0_bits": 5.917281097400046,
      "H1_bits": 5.69031516667595,
      "H2_bits": 3.461866634687959,
      "shannon_floor_h0_bytes": 34510,
      "shannon_floor_h2_bytes": 20190,
      "brotli_bytes": 34789,
      "ac_bytes": 34548,
      "bits_per_symbol_brotli": 5.9651920438957475,
      "bits_per_symbol_ac": 5.923868312757202,
      "ac_minus_brotli_bytes": -241,
      "regresses_ac_vs_brotli": false
    },
    {
      "idx": 5,
      "name": "blocks.1.bias",
      "n_symbols": 144,
      "scale": 0.0069312490816191424,
      "in_pr103_ac_set": false,
      "H0_bits": 6.4118797549418165,
      "H1_bits": 0.7440813146427134,
      "H2_bits": 0.0,
      "shannon_floor_h0_bytes": 116,
      "shannon_floor_h2_bytes": 0,
      "brotli_bytes": 148,
      "ac_bytes": null,
      "bits_per_symbol_brotli": 8.222222222222221,
      "bits_per_symbol_ac": null,
      "ac_minus_brotli_bytes": null,
      "regresses_ac_vs_brotli": false
    },
    {
      "idx": 6,
      "name": "blocks.2.weight",
      "n_symbols": 34992,
      "scale": 0.0032355137697355017,
      "in_pr103_ac_set": true,
      "H0_bits": 6.318339380474207,
      "H1_bits": 5.9288315406144125,
      "H2_bits": 2.673718664624633,
      "shannon_floor_h0_bytes": 27637,
      "shannon_floor_h2_bytes": 11695,
      "brotli_bytes": 27895,
      "ac_bytes": 27648,
      "bits_per_symbol_brotli": 6.377457704618198,
      "bits_per_symbol_ac": 6.320987654320987,
      "ac_minus_brotli_bytes": -247,
      "regresses_ac_vs_brotli": false
    },
    {
      "idx": 7,
      "name": "blocks.2.bias",
      "n_symbols": 108,
      "scale": 0.0060506650782006935,
      "in_pr103_ac_set": false,
      "H0_bits": 6.377527432698992,
      "H1_bits": 0.3808867990856398,
      "H2_bits": 0.0,
      "shannon_floor_h0_bytes": 87,
      "shannon_floor_h2_bytes": 0,
      "brotli_bytes": 112,
      "ac_bytes": null,
      "bits_per_symbol_brotli": 8.296296296296296,
      "bits_per_symbol_ac": null,
      "ac_minus_brotli_bytes": null,
      "regresses_ac_vs_brotli": false
    },
    {
      "idx": 8,
      "name": "blocks.3.weight",
      "n_symbols": 19440,
      "scale": 0.003185979259295726,
      "in_pr103_ac_set": true,
      "H0_bits": 6.19040153185643,
      "H1_bits": 5.666541345785577,
      "H2_bits": 2.2662120573668387,
      "shannon_floor_h0_bytes": 15043,
      "shannon_floor_h2_bytes": 5507,
      "brotli_bytes": 15229,
      "ac_bytes": 15048,
      "bits_per_symbol_brotli": 6.2670781893004115,
      "bits_per_symbol_ac": 6.192592592592592,
      "ac_minus_brotli_bytes": -181,
      "regresses_ac_vs_brotli": false
    },
    {
      "idx": 9,
      "name": "blocks.3.bias",
      "n_symbols": 80,
      "scale": 0.011559381259707954,
      "in_pr103_ac_set": false,
      "H0_bits": 5.85918371977919,
      "H1_bits": 0.46860189884371994,
      "H2_bits": 0.0,
      "shannon_floor_h0_bytes": 59,
      "shannon_floor_h2_bytes": 0,
      "brotli_bytes": 84,
      "ac_bytes": null,
      "bits_per_symbol_brotli": 8.4,
      "bits_per_symbol_ac": null,
      "ac_minus_brotli_bytes": null,
      "regresses_ac_vs_brotli": false
    },
    {
      "idx": 10,
      "name": "blocks.4.weight",
      "n_symbols": 12960,
      "scale": 0.002592925011642336,
      "in_pr103_ac_set": true,
      "H0_bits": 6.6577632834186,
      "H1_bits": 5.653152970331075,
      "H2_bits": 1.321064844733199,
      "shannon_floor_h0_bytes": 10786,
      "shannon_floor_h2_bytes": 2141,
      "brotli_bytes": 10949,
      "ac_bytes": 10788,
      "bits_per_symbol_brotli": 6.758641975308642,
      "bits_per_symbol_ac": 6.659259259259259,
      "ac_minus_brotli_bytes": -161,
      "regresses_ac_vs_brotli": false
    },
    {
      "idx": 11,
      "name": "blocks.4.bias",
      "n_symbols": 72,
      "scale": 0.009595132249546803,
      "in_pr103_ac_set": false,
      "H0_bits": 5.815622570826662,
      "H1_bits": 0.35929260569474564,
      "H2_bits": 0.0,
      "shannon_floor_h0_bytes": 53,
      "shannon_floor_h2_bytes": 0,
      "brotli_bytes": 76,
      "ac_bytes": null,
      "bits_per_symbol_brotli": 8.444444444444445,
      "bits_per_symbol_ac": null,
      "ac_minus_brotli_bytes": null,
      "regresses_ac_vs_brotli": false
    },
    {
      "idx": 12,
      "name": "blocks.5.weight",
      "n_symbols": 11664,
      "scale": 0.0064348672318646286,
      "in_pr103_ac_set": true,
      "H0_bits": 5.266252631485049,
      "H1_bits": 5.009608090656785,
      "H2_bits": 2.8721639925769833,
      "shannon_floor_h0_bytes": 7679,
      "shannon_floor_h2_bytes": 4188,
      "brotli_bytes": 7821,
      "ac_bytes": 7684,
      "bits_per_symbol_brotli": 5.364197530864198,
      "bits_per_symbol_ac": 5.270233196159122,
      "ac_minus_brotli_bytes": -137,
      "regresses_ac_vs_brotli": false
    },
    {
      "idx": 13,
      "name": "blocks.5.bias",
      "n_symbols": 72,
      "scale": 0.016377090469120056,
      "in_pr103_ac_set": false,
      "H0_bits": 5.576107119467821,
      "H1_bits": 0.5740125000304713,
      "H2_bits": 0.0,
      "shannon_floor_h0_bytes": 51,
      "shannon_floor_h2_bytes": 0,
      "brotli_bytes": 76,
      "ac_bytes": null,
      "bits_per_symbol_brotli": 8.444444444444445,
      "bits_per_symbol_ac": null,