{
  "elapsed_seconds": 12.037014961242676,
  "evals_per_second": 1172.3836886004092,
  "input_state_dict": "experiments/results/cma_pr101_real_substrate_20260507T222605Z/pr101_decoder_state_dict.pt",
  "n_evals_per_tensor": 504,
  "n_tensors": 28,
  "n_total_evals": 14112,
  "per_tensor_results": [
    {
      "bytes_at_pr101_default_q11_lgwin22": 31872,
      "bytes_out": 31872,
      "bytes_savings_vs_pr101_default": 0,
      "encoded_sha256": "3546abb98a42bcbda8af03fc4fe715762184c79c4e81afc37e2fd89959d025ab",
      "lgblock": 16,
      "lgwin": 10,
      "n_elements": 48384,
      "n_evals": 504,
      "n_failed": 0,
      "name": "stem.weight",
      "quality": 10,
      "raw_bytes_len": 48384,
      "raw_sha256": "cf4977c7138afbb35b8c50ff0bdd7a1fdcd7ac65d4dec3567476914ef66fd998",
      "shape": [
        1728,
        28
      ]
    },
    {
      "bytes_at_pr101_default_q11_lgwin22": 1610,
      "bytes_out": 1608,
      "bytes_savings_vs_pr101_default": 2,
      "encoded_sha256": "ee550ee9deb658a2c5517e9c13f35683ff842e99aea06248d029fe2d5ada4fd8",
      "lgblock": 16,
      "lgwin": 16,
      "n_elements": 1728,
      "n_evals": 504,
      "n_failed": 0,
      "name": "stem.bias",
      "quality": 4,
      "raw_bytes_len": 1728,
      "raw_sha256": "09c15c86690f462db5472f01032ae1dc1783ad2c596bfe3fe32bc12f597637aa",
      "shape": [
        1728
      ]
    },
    {
      "bytes_at_pr101_default_q11_lgwin22": 32546,
      "bytes_out": 32544,
      "bytes_savings_vs_pr101_default": 2,
      "encoded_sha256": "1c5b9629b5f6b68844de65e14f08e627a9e25c2d4140921b9c2ce50db21143b9",
      "lgblock": 16,
      "lgwin": 16,
      "n_elements": 46656,
      "n_evals": 504,
      "n_failed": 0,
      "name": "blocks.0.weight",
      "quality": 4,
      "raw_bytes_len": 46656,
      "raw_sha256": "9c8b0fafa400f1be471c6883c0ba24c7c19c786dc438a4b9515e4d5d9af19770",
      "shape": [
        144,
        36,
        3,
        3
      ]
    },
    {
      "bytes_at_pr101_default_q11_lgwin22": 148,
      "bytes_out": 148,
      "bytes_savings_vs_pr101_default": 0,
      "encoded_sha256": "2dfb9373bd4371521a6bcf773ecdd503a20ced48a39bdb7c35a8f707805badde",
      "lgblock": 16,
      "lgwin": 16,
      "n_elements": 144,
      "n_evals": 504,
      "n_failed": 0,
      "name": "blocks.0.bias",
      "quality": 4,
      "raw_bytes_len": 144,
      "raw_sha256": "1b66e30401fbfdffa41b3f1ff4738965eed8d4b65495b0fb0bd07eaf02a3e810",
      "shape": [
        144
      ]
    },
    {
      "bytes_at_pr101_default_q11_lgwin22": 32723,
      "bytes_out": 32722,
      "bytes_savings_vs_pr101_default": 1,
      "encoded_sha256": "a25b0726005ab22169bde17ae303e861397bce4be08eaa2fedd16d1542f81687",
      "lgblock": 16,
      "lgwin": 16,
      "n_elements": 46656,
      "n_evals": 504,
      "n_failed": 0,
      "name": "blocks.1.weight",
      "quality": 4,
      "raw_bytes_len": 46656,
      "raw_sha256": "d5122c3a0fceb59168364faf15ff5741e11acfa27b75575b85dee79985008dae",
      "shape": [
        144,
        36,
        3,
        3
      ]
    },
    {
      "bytes_at_pr101_default_q11_lgwin22": 148,
      "bytes_out": 148,
      "bytes_savings_vs_pr101_default": 0,
      "encoded_sha256": "f69aafd5f7bfd7b2388822b9cc2300ab0b825ef9c44f0251aab57945032cd785",
      "lgblock": 16,
      "lgwin": 16,
      "n_elements": 144,
      "n_evals": 504,
      "n_failed": 0,
      "name": "blocks.1.bias",
      "quality": 4,
      "raw_bytes_len": 144,
      "raw_sha256": "64560a0264d368203742f4a58ee5f488a6781abc2253342c5f366d4fb0bedb1a",
      "shape": [
        144
      ]
    },
    {
      "bytes_at_pr101_default_q11_lgwin22": 25644,
      "bytes_out": 25643,
      "bytes_savings_vs_pr101_default": 1,
      "encoded_sha256": "f7f1ee542f5ada0a9793aa1c5ab1d2f6ec6864ded1aac04125a967243fc25136",
      "lgblock": 16,
      "lgwin": 16,
      "n_elements": 34992,
      "n_evals": 504,
      "n_failed": 0,
      "name": "blocks.2.weight",
      "quality": 4,
      "raw_bytes_len": 34992,
      "raw_sha256": "775e91f056b8b0d0da520393152f1be256f1d749bac353b9de4808d943964c65",
      "shape": [
        108,
        36,
        3,
        3
      ]
    },
    {
      "bytes_at_pr101_default_q11_lgwin22": 112,
      "bytes_out": 112,
      "bytes_savings_vs_pr101_default": 0,
      "encoded_sha256": "4a21e3a6831904fd58a713a95aff4dbbf01f066369e504790e8babe70149e423",
      "lgblock": 16,
      "lgwin": 16,
      "n_elements": 108,
      "n_evals": 504,
      "n_failed": 0,
      "name": "blocks.2.bias",
      "quality": 4,
      "raw_bytes_len": 108,
      "raw_sha256": "55d5675e1265daad629afff33d4b764cec64e3d08b0c4c9b6e4453d2bf216f87",
      "shape": [
        108
      ]
    },
    {
      "bytes_at_pr101_default_q11_lgwin22": 14188,
      "bytes_out": 14187,
      "bytes_savings_vs_pr101_default": 1,
      "encoded_sha256": "0c890ff12cdae571b5eeb0ea20c4594bde4b25dbd594fe35838ba6954eab3a39",
      "lgblock": 16,
      "lgwin": 16,
      "n_elements": 19440,
      "n_evals": 504,
      "n_failed": 0,
      "name": "blocks.3.weight",
      "quality": 4,
      "raw_bytes_len": 19440,
      "raw_sha256": "ced9aed9885440349a54a93547971dfadb31bee8ca1ce91285646c82488908e8",
      "shape": [
        80,
        27,
        3,
        3
      ]
    },
    {
      "bytes_at_pr101_default_q11_lgwin22": 84,
      "bytes_out": 84,
      "bytes_savings_vs_pr101_default": 0,
      "encoded_sha256": "08e67b274e8abc2914f339f54b7c43a42326166cb2c7ed93be775ea1bb54eddc",
      "lgblock": 16,
      "lgwin": 16,
      "n_elements": 80,
      "n_evals": 504,
      "n_failed": 0,
      "name": "blocks.3.bias",
      "quality": 4,
      "raw_bytes_len": 80,
      "raw_sha256": "94843d788d707943ff6017ecf9e279f3804771dec61e43404a6a8023489bc8e5",
      "shape": [
        80
      ]
    },
    {
      "bytes_at_pr101_default_q11_lgwin22": 10336,
      "bytes_out": 10335,
      "bytes_savings_vs_pr101_default": 1,
      "encoded_sha256": "b0a8787051b7ff22508fdc6ce79ec579a274425f2a7c2653ad008247fd0c45fc",
      "lgblock": 16,
      "lgwin": 16,
      "n_elements": 12960,
      "n_evals": 504,
      "n_failed": 0,
      "name": "blocks.4.weight",
      "quality": 4,
      "raw_bytes_len": 12960,
      "raw_sha256": "7df3b0e06e66a83c15ea2839122f13c70c956c9e740a57cb5cf0382c88c3a59d",
      "shape": [
        72,
        20,
        3,
        3
      ]
    },
    {
      "bytes_at_pr101_default_q11_lgwin22": 76,
      "bytes_out": 76,
      "bytes_savings_vs_pr101_default": 0,
      "encoded_sha256": "b7b3f2b52478e841c6277f0f40dabd1cea00fd9ddb20eaa1c2cd85986d2d58ac",
      "lgblock": 16,
      "lgwin": 16,
      "n_elements": 72,
      "n_evals": 504,
      "n_failed": 0,
      "name": "blocks.4.bias",
      "quality": 4,
      "raw_bytes_len": 72,
      "raw_sha256": "856d07cdcb9316f5275ad3fc00ba1c417ce776e6aae170c0aac30430097c8f3a",
      "shape": [
        72
      ]
    },
    {
      "bytes_at_pr101_default_q11_lgwin22": 7811,
      "bytes_out": 7810,
      "bytes_savings_vs_pr101_default": 1,
      "encoded_sha256": "ff60da7b4c42f48e69830bb200eb9c43d7c2e8244d8d853b18a16daa94b97cd6",
      "lgblock": 16,
      "lgwin": 16,
      "n_elements": 11664,
      "n_evals": 504,
      "n_failed": 0,
      "name": "blocks.5.weight",
      "quality": 4,
      "raw_bytes_len": 11664,
      "raw_sha256": "110d39d21653b2c56c65804de7b3666a772be1dc15d99ca9974da0f0a946d890",
      "shape": [
        72,
        18,
        3,
        3
      ]
    },
    {
      "bytes_at_pr101_default_q11_lgwin22": 76,
      "bytes_out": 76,
      "bytes_savings_vs_pr101_default": 0,
      "encoded_sha256": "27f4379e696a045498de53f86ecb2d1a1b3c9f44b6317e128aa8f4831bee4bde",
      "lgblock": 16,
      "lgwin": 16,
      "n_elements": 72,
      "n_evals": 504,
      "n_failed": 0,
      "name": "blocks.5.bias",
      "quality": 4,
      "raw_bytes_len": 72,
      "raw_sha256": "d35f57d5db67358b00872e71ca7a1b69d93e21a62a4fcb864e762d26929b1759",