{
  "lzma_bytes_len": 271,
  "mins_fp16": [
    -1.0,
    -0.89990234375,
    -0.7998046875,
    -0.7001953125,
    -0.60009765625,
    -0.5
  ],
  "n_dims": 6,
  "n_pairs": 40,
  "scales_fp16": [
    0.007843017578125,
    0.007843017578125,
    0.007843017578125,
    0.007843017578125,
    0.007843017578125,
    0.007843017578125
  ],
  "schema": "centered_delta_uint8.v1",
  "seed": 20260511,
  "sha256": "939c6601e9e8f2ff0aacec7a5d18ba54ff40f8299622aeab824d8ed43dbd4af9"
}
