archive,zip_bytes,zip_bytes_minus_c089,rate_score_minus_c089,score_or_body_score,score_minus_c089
pr55_quantizr,299970,23628,0.015732915344370664,0.3322719955107341,0.016801268115383627
pr63_qpose14,287573,11231,0.007478261902515107,0.3249617830819938,0.009491055686643324
pr64_unified_brotli,287165,10823,0.007206591449641261,0.33612677067610813,0.020656043280757652
pr65_henosis,284425,8083,0.005382137918086512,0.3196824276891214,0.004211700293770937
pr67_release_current,276620,278,0.00018510878896796365,0.31470817503416587,-0.0007625523611846097
pr67_body_stated_cached,276741,399,0.0002656777222957464,0.31470817503416587,-0.0007625523611846097
c089_frontier,276342,0,0.0,0.3154707273953505,0.0
