{
  "score": 2.25,
  "posenet_dist": 0.24523059,
  "segnet_dist": 0.00237917,
  "archive_bytes": 671782,
  "gt_bytes": 37545489,
  "rate": 0.01789248,
  "posenet_contribution": 1.565984003749719,
  "segnet_contribution": 0.237917,
  "rate_contribution": 0.447312,
  "inflate_time_s": 84.6146184160607,
  "score_time_s": 21.654855249915272,
  "total_time_s": 106.26947366597597,
  "device": "mps",
  "archive_path": "/Users/adpena/Projects/pact/submissions/robust_current/archive.zip",
  "lane": "contest-compliant"
}