{
  "base_channels": 36,
  "command": [
    ".venv/bin/python",
    "tools/run_hinton_mlx_long_training_smoke.py",
    "--output-report",
    ".omx/research/hinton_mlx_long_training_smoke_20260525/executed_smoke_100ep_verdict.json",
    "--telemetry-path",
    ".omx/research/hinton_mlx_long_training_smoke_20260525/executed_smoke_100ep_telemetry.jsonl",
    "--max-frames",
    "4",
    "--smoke-epochs",
    "100",
    "--checkpoint-every-epochs",
    "100",
    "--hash-source-video",
    "--execute-smoke"
  ],
  "completed_at_utc": "2026-05-25T21:42:46Z",
  "convergence_verdict": {
    "converges_threshold_ratio": 0.5,
    "diverges_threshold_ratio": 1.05,
    "final_loss": 0.002592975040897727,
    "initial_loss": 0.1863129436969757,
    "loss_reduction_percent": 98.60826897506648,
    "max_loss": 0.5458842515945435,
    "min_loss": 0.002145209815353155,
    "nan_at_epoch": null,
    "oscillation_score": 0.0,
    "rationale": "final/initial = 0.0139 <= 0.5 (reduction=98.6%) AND oscillation score = 0.000 <= 0.40; canonical CONVERGES_CONSISTENTLY per Hinton 2014 distillation paradigm + Probe 6 W=2 11.29x + Probe 7 W=6 21.20x CCC anchors.",
    "smoke_epochs": 100,
    "sub_paradigm_threshold_ratio": 0.95,
    "verdict": "CONVERGES_CONSISTENTLY"
  },
  "dispatch_attempted": false,
  "dispatch_packet_ready": false,
  "distillation_temperature": 2.0,
  "distillation_weight": 0.5,
  "eval_size": [
    384,
    512
  ],
  "evidence_grade": "macOS-MLX-research-signal",
  "evidence_tag": "[macOS-MLX research-signal]",
  "gpu_launched": false,
  "lane_id": "lane_hinton_distilled_scorer_surrogate_mlx_long_training_validation_20260525",
  "latent_dim": 28,
  "local_training_queue_signal": "LOCAL_MLX_QUEUE_READY",
  "loss_curve": [
    0.1863129436969757,
    0.16859179735183716,
    0.038079965859651566,
    0.009812561795115471,
    0.008604857139289379,
    0.18057781457901,
    0.5458842515945435,
    0.3920779824256897,
    0.13863010704517365,
    0.1306602656841278,
    0.10756289958953857,
    0.1048460304737091,
    0.09484488517045975,
    0.04470835626125336,
    0.03621843457221985,
    0.008416393771767616,
    0.0080142542719841,
    0.011694425716996193,
    0.008780918084084988,
    0.009188158437609673,
    0.009128247387707233,
    0.008921114727854729,
    0.016780328005552292,
    0.009409742429852486,
    0.00817230623215437,
    0.007582730147987604,
    0.007385591510683298,
    0.006685851141810417,
    0.007371307350695133,
    0.006768649909645319,
    0.006647790316492319,
    0.00710650347173214,
    0.006486821919679642,
    0.006475488189607859,
    0.00607837550342083,
    0.00690491683781147,
    0.006821213290095329,
    0.006024593953043222,
    0.006014122162014246,
    0.006409528665244579,
    0.006194539833813906,
    0.006466509774327278,
    0.0061026024632155895,
    0.006102615501731634,
    0.005599691532552242,
    0.00547077227383852,
    0.005679295398294926,
    0.005633891560137272,
    0.005351497791707516,
    0.0049677081406116486,
    0.004849649500101805,
    0.00495905103161931,
    0.004257026128470898,
    0.0045841229148209095,
    0.004760865122079849,
    0.00452658673748374,
    0.004156798589974642,
    0.003661638591438532,
    0.004181994590908289,
    0.003706107148900628,
    0.004159478470683098,
    0.0035442530643194914,
    0.003480522893369198,
    0.0038041837979108095,
    0.0034869471564888954,
    0.0032593593932688236,
    0.0032327743247151375,
    0.002792571671307087,
    0.003671417711302638,
    0.003408767282962799,
    0.003256723051890731,
    0.002599825384095311,
    0.003615624736994505,
    0.003040938638150692,
    0.0034188400022685528,
    0.0033780124504119158,
    0.00272244680672884,
    0.0029033957980573177,
    0.0026739740278571844,
    0.0032659820280969143,
    0.0023268412332981825,
    0.0033226185478270054,
    0.003087935969233513,
    0.002677307464182377,
    0.0031545297242701054,
    0.003030636114999652,
    0.002804284915328026,
    0.0022522977087646723,
    0.0029918455984443426,
    0.002882174216210842,
    0.0022166077978909016,
    0.0024854918010532856,
    0.0025639052037149668,
    0.0025738452095538378,
    0.002554958453401923,
    0.002145209815353155,
    0.0030666550155729055,
    0.00242151552811265,
    0.0026547627057880163,
    0.002592975040897727
  ],
  "max_frames": 4,
  "mode": "executed_smoke",
  "num_classes": 5,
  "operator_run_label": "hinton_kl_t2_smoke",
  "paid_dispatch_authorization_signal": "PAID_DISPATCH_BLOCKED_REQUIRES_CONTEST_TEACHER_AND_CPU_CUDA_AUTH_EVAL",
  "pr95_1to1_reproduction_claim": false,
  "promotable": false,
  "promotion_eligible": false,
  "ran_at_utc": "2026-05-25T21:42:41Z",
  "random_seed": 0,
  "rank_or_kill_eligible": false,
  "readiness_blockers": [
    "scorer_loss_is_kl_to_mock_teacher_logits_not_contest_segnet",
    "no_paired_cpu_cuda_auth_eval_yet",
    "macos_mlx_research_signal_only_per_catalog_192"
  ],
  "ready_for_exact_eval_dispatch": false,
  "recommended_execution": {
    "candidate_generation_only": true,
    "device": "gpu",
    "dispatch_attempted": false,
    "dispatch_packet_ready": false,
    "extra_artifact_postconditions": [
      {
        "path": "/Users/adpena/Projects/pact/.omx/research/hinton_mlx_long_training_smoke_20260525/executed_smoke_100ep_telemetry.jsonl",
        "type": "path_exists"
      }
    ],
    "gpu_launched": false,
    "output_manifest": "/Users/adpena/Projects/pact/.omx/research/hinton_mlx_long_training_smoke_20260525/executed_smoke_100ep_verdict.json",
    "pr95_1to1_reproduction_claim": false,
    "promotable": false,
    "promotion_eligible": false,
    "python_command_args": [
      ".venv/bin/python",
      "tools/run_hinton_mlx_long_training_smoke.py",
      "--output-report",
      ".omx/research/hinton_mlx_long_training_smoke_20260525/executed_smoke_100ep_verdict.json",
      "--telemetry-path",
      ".omx/research/hinton_mlx_long_training_smoke_20260525/executed_smoke_100ep_telemetry.jsonl",
      "--max-frames",
      "4",
      "--smoke-epochs",
      "100",
      "--checkpoint-every-epochs",
      "100",
      "--hash-source-video",
      "--execute-smoke"
    ],
    "rank_or_kill_eligible": false,
    "ready_for_exact_eval_dispatch": false,
    "reproduction_claim": false,
    "reproduction_equivalence": false,
    "requires_exact_eval_before_promotion": true,
    "scheduler_resource_kind": "local_mlx",
    "schema": "local_training_recommended_execution.v1",
    "score_claim": false,
    "score_claim_eligible": false,
    "score_claim_valid": false,
    "tool": "tools/run_hinton_mlx_long_training_smoke.py",
    "training_backend": "mlx"
  },
  "reproduction_claim": false,
  "reproduction_equivalence": false,
  "run_seconds": 4.770480155944824,
  "schema": "hinton_mlx_long_training_smoke_verdict.v1",
  "score_claim": false,
  "score_claim_eligible": false,
  "score_claim_valid": false,
  "setup_seconds": 0.13192176818847656,
  "smoke_epochs": 100,
  "source_video_frame_count": 4,
  "source_video_path": "/Users/adpena/Projects/pact/upstream/videos/0.mkv",
  "source_video_sha256": "2611f5f3e186f3529777749f97bd4cce3a208d6b3559e137bd45d256980d2fa9",
  "spatial_downsample_factor": 4,
  "started_at_utc": "2026-05-25T21:42:41Z",
  "telemetry_path": "/Users/adpena/Projects/pact/.omx/research/hinton_mlx_long_training_smoke_20260525/executed_smoke_100ep_telemetry.jsonl",
  "telemetry_row_count": 100
}
