{
  "config": {
    "checkpoint": "/tmp/distill_v2_latest_best.pt",
    "device": "mps",
    "n_frames": 20,
    "steps": 100,
    "lr": 0.001,
    "batch_pairs": 10,
    "seg_weight": 10000.0,
    "pose_weight": 1.0,
    "hinge_margin": 0.5,
    "upstream": "upstream/",
    "output_dir": "experiments/results/pose_tto_argmax",
    "video": null,
    "smoke": true,
    "eval_roundtrip": false,
    "early_stop_patience": 100,
    "argmax_constraint": true,
    "max_retries": 5,
    "latent_dim": 0,
    "gt_poses_path": null,
    "log_every": 10
  },
  "gt_score": {
    "score": 0.3163507600014701,
    "pose": 0.005713991075754166,
    "seg": 0.0007731120102107524,
    "rate": 0.0,
    "pose_contribution": 0.23903955898039483,
    "seg_contribution": 0.07731120102107525,
    "rate_contribution": 0.0,
    "n_pairs": 10
  },
  "optimized_score": {
    "score": 0.3144557912873816,
    "pose": 0.005611700192093849,
    "seg": 0.000775655172765255,
    "rate": 0.0,
    "pose_contribution": 0.2368902740108561,
    "seg_contribution": 0.0775655172765255,
    "rate_contribution": 0.0,
    "n_pairs": 10
  },
  "delta_score": -0.0018949687140885074,
  "total_time_s": 278.32042458304204,
  "total_steps": 100,
  "n_pairs": 10,
  "pose_delta_mean": 0.001729372306726873,
  "pose_delta_max": 0.0017301428597420454,
  "batch_metrics": [
    {
      "steps_run": 100,
      "final_loss": 237.5311279296875,
      "final_pose_loss": 0.0035151676274836063,
      "final_seg_loss": 0.023752762004733086,
      "initial_loss": 237.54544067382812,
      "improvement_pct": 0.006025265776528931,
      "argmax_rejections": 100,
      "batch_idx": 0,
      "time_s": 267.2287968340097
    }
  ],
  "archive_bytes_fp32": 240,
  "archive_bytes_fp16": 120
}