{
  "anchor_count": 5,
  "anchors": [
    {
      "archive_sha256": "6bae0201fb082457a02c69565531aba4c5942669c384fdc48e7d554f7b893fcf",
      "contest_path": "experiments/results/modal_auth_eval_cpu/archive_6bae0201fb08/contest_auth_eval.json",
      "contest_posenet_dist": 2.943e-05,
      "contest_rate_unscaled": 0.004754685709380427,
      "contest_score": 0.1920513168811056,
      "contest_segnet_dist": 0.00056029,
      "local_path": "experiments/results/pr101_frame_exploit_selector_fec6_fixed_huffman_k16_clean_20260515_codex/local_macos_cpu_advisory_smoke_20260519T143400Z.json",
      "local_posenet_dist": 2.943e-05,
      "local_rate_unscaled": 0.004754685709380427,
      "local_score": 0.19206131688110561,
      "local_segnet_dist": 0.00056039,
      "posenet_delta_local_minus_contest": 0.0,
      "rate_delta_local_minus_contest": 0.0,
      "score_delta_local_minus_contest": 1.0000000000010001e-05,
      "segnet_delta_local_minus_contest": 1.0000000000005664e-07,
      "trust_region": "dqs1_fec6_like_same_archive_segnet_rounding"
    },
    {
      "archive_sha256": "8866ebb655e96ccf0ffcd84feae08c131734cba8c402bfb8c661a29f289ce409",
      "contest_path": "experiments/results/modal_auth_eval_cpu/archive_8866ebb655e9/contest_auth_eval.json",
      "contest_posenet_dist": 2.959e-05,
      "contest_rate_unscaled": 0.004754685709380427,
      "contest_score": 0.19209788683213053,
      "contest_segnet_dist": 0.00056029,
      "local_path": "experiments/results/pr101_frame_exploit_selector_fec3_compact_exact_k8_cpu_overlay_20260514_codex/contest_auth_eval_macos_cpu_advisory.json",
      "local_posenet_dist": 2.959e-05,
      "local_rate_unscaled": 0.004754685709380427,
      "local_score": 0.19210788683213054,
      "local_segnet_dist": 0.00056039,
      "posenet_delta_local_minus_contest": 0.0,
      "rate_delta_local_minus_contest": 0.0,
      "score_delta_local_minus_contest": 1.0000000000010001e-05,
      "segnet_delta_local_minus_contest": 1.0000000000005664e-07,
      "trust_region": "dqs1_fec6_like_same_archive_segnet_rounding"
    },
    {
      "archive_sha256": "3c4e15bfe7ae1004ad23e89a52c2836e609c1f99e25b58f45c01747226705d59",
      "contest_path": "experiments/results/modal_auth_eval_cpu/dqs1_top32_selective_decoderq_paired_20260522T143930Z_cpu/contest_auth_eval.json",
      "contest_posenet_dist": 2.943e-05,
      "contest_rate_unscaled": 0.004756683286239793,
      "contest_score": 0.1920502563025898,
      "contest_segnet_dist": 0.00055978,
      "local_path": "experiments/results/mlx_decoderq_parent_contract_closure_20260522T1132Z/dqs1_top32_cpu_advisory_venv.json",
      "local_posenet_dist": 2.943e-05,
      "local_rate_unscaled": 0.004756683286239793,
      "local_score": 0.1920602563025898,
      "local_segnet_dist": 0.00055988,
      "posenet_delta_local_minus_contest": 0.0,
      "rate_delta_local_minus_contest": 0.0,
      "score_delta_local_minus_contest": 1.0000000000010001e-05,
      "segnet_delta_local_minus_contest": 1.0000000000005664e-07,
      "trust_region": "dqs1_fec6_like_same_archive_segnet_rounding"
    },
    {
      "archive_sha256": "4432525de41c9df0c9edecab0447fa3320d9d5e5047675fced069ca8213e630e",
      "contest_path": "experiments/results/modal_auth_eval_cpu/dqs1_pairset_diversity_k002_selective_decoderq_cpu_20260522T162726Z/contest_auth_eval.json",
      "contest_posenet_dist": 2.943e-05,
      "contest_rate_unscaled": 0.004755058590394175,
      "contest_score": 0.19205563890644933,
      "contest_segnet_dist": 0.00056024,
      "local_path": "experiments/results/mlx_decoderq_parent_contract_closure_20260522T1132Z/pareto_gap_uleb/pairset_diversity_k002_materialization_20260522T162726Z/dqs1_pairset_diversity_k002_cpu_advisory_venv.json",
      "local_posenet_dist": 2.943e-05,
      "local_rate_unscaled": 0.004755058590394175,
      "local_score": 0.19206763890644935,
      "local_segnet_dist": 0.00056036,
      "posenet_delta_local_minus_contest": 0.0,
      "rate_delta_local_minus_contest": 0.0,
      "score_delta_local_minus_contest": 1.2000000000012001e-05,
      "segnet_delta_local_minus_contest": 1.1999999999993786e-07,
      "trust_region": "dqs1_fec6_like_same_archive_segnet_rounding"
    },
    {
      "archive_sha256": "088c17e2b6ac18ffd1adff1b0c41bee8ddc61fdf338ec9b71d3d59d72b1a5e22",
      "contest_path": "experiments/results/modal_auth_eval_cpu/dqs1_pairset_drop_one_rank020_pair0430_selective_decoderq_cpu_20260522T193112Z/contest_auth_eval.json",
      "contest_posenet_dist": 2.943e-05,
      "contest_rate_unscaled": 0.0047558043524216715,
      "contest_score": 0.19202928295713673,
      "contest_segnet_dist": 0.00055979,
      "local_path": "experiments/results/mlx_decoderq_parent_contract_closure_20260522T1132Z/pareto_gap_uleb/materialized/drop_rank020_pair0430/local_cpu_advisory.json",
      "local_posenet_dist": 2.943e-05,
      "local_rate_unscaled": 0.0047558043524216715,
      "local_score": 0.19204028295713674,
      "local_segnet_dist": 0.0005599,
      "posenet_delta_local_minus_contest": 0.0,
      "rate_delta_local_minus_contest": 0.0,
      "score_delta_local_minus_contest": 1.1000000000011001e-05,
      "segnet_delta_local_minus_contest": 1.0999999999999725e-07,
      "trust_region": "dqs1_fec6_like_same_archive_segnet_rounding"
    }
  ],
  "authority": "false_authority_proxy_calibration_only",
  "bias_local_minus_contest": 1.0000000000010001e-05,
  "charged_bits_changed": false,
  "confidence": "stable_core",
  "contest_cuda_auth_eval": false,
  "deployment_target": "desktop_research",
  "dispatch_attempted": false,
  "dispatch_blockers": [
    "optimizer_candidate_queue_is_planning_only",
    "requires_exact_eval_readiness_gate",
    "requires_lane_dispatch_claim_before_gpu_or_remote_eval",
    "requires_non_proxy_score_evidence_before_promotion",
    "local_cpu_contest_drift_calibration_is_not_score_authority",
    "requires_same_archive_contest_cpu_anchor_before_score_claim"
  ],
  "exact_cuda_auth_eval": false,
  "field_selection_ready_for_exact_eval_dispatch": false,
  "guard_band": 3e-06,
  "max_delta": 1.2000000000012001e-05,
  "mean_delta": 1.0600000000010602e-05,
  "median_delta": 1.0000000000010001e-05,
  "min_delta": 1.0000000000010001e-05,
  "promotion_eligible": false,
  "pstdev_delta": 8.000000000008001e-07,
  "rank_or_kill_eligible": false,
  "ready_for_exact_eval_dispatch": false,
  "schema": "local_cpu_contest_drift_calibration.v1",
  "score_affecting_payload_changed": false,
  "score_claim": false,
  "score_claim_eligible": false,
  "target_modes": [
    "contest_exact_eval_planning"
  ],
  "trust_region": "dqs1_fec6_like_same_archive_segnet_rounding"
}
