{
  "device": "mps",
  "n_pairs_analyzed": 5,
  "pair_indices": [
    0,
    149,
    299,
    449,
    599
  ],
  "output_jacobian": {
    "mean_effective_rank": 1.0084131101956633,
    "per_pair": [
      {
        "label": "Output Jacobian (pair 0)",
        "max_rank": 6,
        "effective_rank": 1.0034204110723046,
        "condition_number": 351.3593162551093,
        "dims_for_90pct_energy": 1,
        "singular_values": [
          0.032330460253674656,
          0.00044867174434592966,
          0.0003287465647231262,
          0.00014863763978564045,
          0.0001213744960675029,
          9.20153778708992e-05
        ],
        "top_5_sv": [
          0.032330460253674656,
          0.00044867174434592966,
          0.0003287465647231262,
          0.00014863763978564045,
          0.0001213744960675029
        ],
        "sv_ratio_1_last": 351.3593162551093,
        "pair_idx": 0
      },
      {
        "label": "Output Jacobian (pair 149)",
        "max_rank": 6,
        "effective_rank": 1.0126949973696895,
        "condition_number": 289.25291444639004,
        "dims_for_90pct_energy": 1,
        "singular_values": [
          0.04015248453348253,
          0.0012025751784521738,
          0.0007842592795071457,
          0.00045756215716683576,
          0.00030420452509393527,
          0.00013881445104998023
        ],
        "top_5_sv": [
          0.04015248453348253,
          0.0012025751784521738,
          0.0007842592795071457,
          0.00045756215716683576,
          0.00030420452509393527
        ],
        "sv_ratio_1_last": 289.25291444639004,
        "pair_idx": 149
      },
      {
        "label": "Output Jacobian (pair 299)",
        "max_rank": 6,
        "effective_rank": 1.0135105087531404,
        "condition_number": 392.6548827359783,
        "dims_for_90pct_energy": 1,
        "singular_values": [
          0.03618735561383793,
          0.0012228091487144696,
          0.0006233178837653426,
          0.00042589602619759264,
          0.00021666375924072505,
          9.216071722243261e-05
        ],
        "top_5_sv": [
          0.03618735561383793,
          0.0012228091487144696,
          0.0006233178837653426,
          0.00042589602619759264,
          0.00021666375924072505
        ],
        "sv_ratio_1_last": 392.6548827359783,
        "pair_idx": 299
      },
      {
        "label": "Output Jacobian (pair 449)",
        "max_rank": 6,
        "effective_rank": 1.007201646098378,
        "condition_number": 527.1751036204658,
        "dims_for_90pct_energy": 1,
        "singular_values": [
          0.035602131721828266,
          0.000742919848465088,
          0.00046895548624909585,
          0.0003994634192123638,
          0.0002107770163229506,
          6.753378806647828e-05
        ],
        "top_5_sv": [
          0.035602131721828266,
          0.000742919848465088,
          0.00046895548624909585,
          0.0003994634192123638,
          0.0002107770163229506
        ],
        "sv_ratio_1_last": 527.1751036204658,
        "pair_idx": 449
      },
      {
        "label": "Output Jacobian (pair 599)",
        "max_rank": 6,
        "effective_rank": 1.005237987684804,
        "condition_number": 496.2264261521238,
        "dims_for_90pct_energy": 1,
        "singular_values": [
          0.031024034034642312,
          0.0004992663428921149,
          0.00043355148453515637,
          0.00023885577012486284,
          0.00015075384699276076,
          6.251991510248901e-05
        ],
        "top_5_sv": [
          0.031024034034642312,
          0.0004992663428921149,
          0.00043355148453515637,
          0.00023885577012486284,
          0.00015075384699276076
        ],
        "sv_ratio_1_last": 496.2264261521238,
        "pair_idx": 599
      }
    ]
  }
}