pair,ep854_delivered_d_pose,pu2_live_d_pose,map_d_pose,map_pose_delta_vs_pu2_live,map_flips_vs_gt,map_flips_vs_live,sub_final_repaired,sub_final_d_pose_after_repair,sub_map_repair_repaired,sub_map_repair_d_pose_after_repair,ep854_k4_best_d_pose,ep854_k4_ratio_vs_bar,ep854_k4_envelope_status,ep854_best_k6_d_pose,ep854_best_k6_source,ep854_best_k8_d_pose,ep854_best_k8_source
0,87.83867645263672,0.0007871219422668219,0.0017086612060666084,0.0009215392637997866,1018,533,False,0.0007871219422668219,False,0.0017086612060666084,1.3170666694641113,474.6543457091627,beyond_k4_envelope_escalated_to_k_ge_5,0.00016467492969240993,kladder,0.00015991955297067761,kladder
1,81.19811248779297,0.0008754000882618129,0.0019716673996299505,0.0010962673113681376,936,481,False,0.0008754000882618129,False,0.0019716673996299505,3.0802488327026367,1110.0831326198265,beyond_k4_envelope_escalated_to_k_ge_5,0.2791230380535126,kladder,0.0008028903976082802,kladder
2,41.573516845703125,0.0001629120233701542,0.1411750167608261,0.14101210473745596,1065,492,False,0.0001629120233701542,False,0.1411750167608261,0.06192531809210777,22.317109697871768,within_k4_envelope_measured,3.7689660530304536e-05,kladder,2.292185126862023e-05,kladder
3,177.7481689453125,0.0004127834690734744,0.20508162677288055,0.20466884330380708,823,421,False,0.0004127834690734744,False,0.20508162677288055,1.0595927238464355,381.86395777531595,beyond_k4_envelope_escalated_to_k_ge_5,0.00017449130245950073,kladder,0.00030862141284160316,kladder
4,120.62731170654297,0.0006231839652173221,0.0013357718707993627,0.0007125879055820405,1069,535,False,0.0006231839652173221,False,0.0013357718707993627,,,k4_envelope_not_measured_for_pair,,,,
5,50.25370407104492,0.0008270223625004292,0.11751482635736465,0.11668780399486423,1005,476,False,0.0008270223625004292,False,0.11751482635736465,,,k4_envelope_not_measured_for_pair,,,,
6,6.09147834777832,0.0003122210328001529,0.0020246251951903105,0.0017124041623901576,1023,509,False,0.0003122210328001529,False,0.0020246251951903105,,,k4_envelope_not_measured_for_pair,,,,
7,12.643916130065918,0.0003490684612188488,0.0319850854575634,0.03163601699634455,1064,572,False,0.0003490684612188488,False,0.0319850854575634,,,k4_envelope_not_measured_for_pair,,,,
8,185.9187774658203,0.0003892929817084223,0.4040999114513397,0.4037106184696313,879,469,False,0.0003892929817084223,False,0.4040999114513397,,,k4_envelope_not_measured_for_pair,,,,
9,2.492365837097168,0.013387956656515598,0.015241850167512894,0.0018538935109972954,1010,599,True,0.00011589783389354125,False,0.015241850167512894,,,k4_envelope_not_measured_for_pair,,,,
10,13.091317176818848,0.008443103171885014,0.004896727856248617,-0.0035463753156363964,899,449,True,0.00045131109072826803,False,0.004896727856248617,,,k4_envelope_not_measured_for_pair,0.00023976936063263565,ext_a,,
11,40.61864471435547,0.0004034453013446182,0.1483096480369568,0.14790620273561217,878,370,False,0.0004034453013446182,False,0.1483096480369568,,,k4_envelope_not_measured_for_pair,,,,
12,3.9810590744018555,0.0004470882995519787,0.08109719306230545,0.08065010476275347,978,418,False,0.0004470882995519787,False,0.08109719306230545,,,k4_envelope_not_measured_for_pair,,,,
13,111.60174560546875,0.00027786739519797266,0.046154167503118515,0.04587630010792054,966,551,False,0.00027786739519797266,False,0.046154167503118515,,,k4_envelope_not_measured_for_pair,,,,
14,12.39030933380127,0.001207111170515418,0.23006533086299896,0.22885821969248354,950,505,False,0.001207111170515418,False,0.23006533086299896,,,k4_envelope_not_measured_for_pair,,,,
15,3.2552406787872314,0.0004177143273409456,0.06835092604160309,0.06793321171426214,794,454,False,0.0004177143273409456,False,0.06835092604160309,,,k4_envelope_not_measured_for_pair,,,,
16,44.59894943237305,0.018227579072117805,0.009987051598727703,-0.008240527473390102,740,369,True,0.0005425014533102512,False,0.009987051598727703,,,k4_envelope_not_measured_for_pair,0.009420606307685375,ext_b,,
17,9.660222053527832,0.0006691457238048315,0.05926699563860893,0.0585978499148041,916,445,False,0.0006691457238048315,False,0.05926699563860893,,,k4_envelope_not_measured_for_pair,,,,
18,16.90269660949707,0.026544759050011635,0.13723652064800262,0.11069176159799099,1073,470,True,0.0002703039499465376,True,0.00036178939626552165,,,k4_envelope_not_measured_for_pair,,,,
19,183.03541564941406,0.0005599904689006507,0.005222000181674957,0.0046620097127743065,1002,467,False,0.0005599904689006507,False,0.005222000181674957,,,k4_envelope_not_measured_for_pair,,,,
20,21.04900550842285,0.00119827373418957,0.0026710655074566603,0.0014727917732670903,879,369,False,0.00119827373418957,False,0.0026710655074566603,,,k4_envelope_not_measured_for_pair,,,,
21,29.37809944152832,0.0017985544400289655,0.01092587411403656,0.009127319674007595,930,485,False,0.0017985544400289655,False,0.01092587411403656,,,k4_envelope_not_measured_for_pair,,,,
22,23.278968811035156,0.016409924253821373,0.0596865713596344,0.043276647105813026,1062,617,True,0.0004963225219398737,False,0.0596865713596344,,,k4_envelope_not_measured_for_pair,,,,
23,124.93070220947266,0.0008024237467907369,0.10814213007688522,0.10733970633009449,966,534,False,0.0008024237467907369,False,0.10814213007688522,,,k4_envelope_not_measured_for_pair,,,,
24,9.332921028137207,0.00019982701633125544,0.013784033246338367,0.013584206230007112,967,564,False,0.00019982701633125544,False,0.013784033246338367,,,k4_envelope_not_measured_for_pair,,,,
25,17.763565063476562,0.0002742412034422159,0.0009699469082988799,0.0006957057048566639,953,463,False,0.0002742412034422159,False,0.0009699469082988799,,,k4_envelope_not_measured_for_pair,,,,
26,2.042726755142212,0.00022719096159562469,0.017697596922516823,0.017470405960921198,951,425,False,0.00022719096159562469,False,0.017697596922516823,,,k4_envelope_not_measured_for_pair,,,,
27,184.60145568847656,0.0005288817337714136,0.04465194419026375,0.044123062456492335,881,497,False,0.0005288817337714136,False,0.04465194419026375,,,k4_envelope_not_measured_for_pair,,,,
28,3.7785069942474365,0.00037184194661676884,0.002686926396563649,0.0023150844499468803,868,508,False,0.00037184194661676884,False,0.002686926396563649,,,k4_envelope_not_measured_for_pair,,,,
29,3.5972583293914795,0.0003227306006010622,0.008777337148785591,0.008454606548184529,982,609,False,0.0003227306006010622,False,0.008777337148785591,,,k4_envelope_not_measured_for_pair,,,,
30,170.248046875,0.0003097655426245183,0.10060443729162216,0.10029467174899764,933,455,False,0.0003097655426245183,False,0.10060443729162216,,,k4_envelope_not_measured_for_pair,,,,
31,57.98337173461914,0.0005198412109166384,0.017745615914463997,0.01722577470354736,904,467,False,0.0005198412109166384,False,0.017745615914463997,,,k4_envelope_not_measured_for_pair,,,,
32,2.944429636001587,0.0003203082305844873,0.10208707302808762,0.10176676479750313,918,489,False,0.0003203082305844873,False,0.10208707302808762,,,k4_envelope_not_measured_for_pair,,,,
33,7.342355251312256,0.0004975395277142525,0.04241838678717613,0.04192084725946188,796,390,False,0.0004975395277142525,False,0.04241838678717613,,,k4_envelope_not_measured_for_pair,,,,
34,3.6652634143829346,0.0008234199485741556,0.002000371692702174,0.0011769517441280186,928,558,False,0.0008234199485741556,False,0.002000371692702174,,,k4_envelope_not_measured_for_pair,,,,
35,7.032376766204834,0.00034544887603260577,0.0038510719314217567,0.003505623055389151,1214,642,False,0.00034544887603260577,False,0.0038510719314217567,,,k4_envelope_not_measured_for_pair,,,,
36,13.094017028808594,0.0004565257113426924,0.0012140624457970262,0.0007575367344543338,1011,623,False,0.0004565257113426924,False,0.0012140624457970262,,,k4_envelope_not_measured_for_pair,,,,
37,8.536341667175293,0.0008250523242168128,0.00260753370821476,0.001782481383997947,1079,669,False,0.0008250523242168128,False,0.00260753370821476,,,k4_envelope_not_measured_for_pair,,,,
38,6.723045349121094,0.0007793098338879645,0.0010767737403512,0.0002974639064632356,928,543,False,0.0007793098338879645,False,0.0010767737403512,,,k4_envelope_not_measured_for_pair,,,,
39,190.0267791748047,0.0005340539501048625,0.17077696323394775,0.1702429092838429,993,538,False,0.0005340539501048625,False,0.17077696323394775,,,k4_envelope_not_measured_for_pair,,,,
40,5.94363260269165,0.00018218305194750428,0.008349339477717876,0.008167156425770372,963,538,False,0.00018218305194750428,False,0.008349339477717876,,,k4_envelope_not_measured_for_pair,,,,
41,53.540618896484375,0.0003831805952358991,0.047417085617780685,0.047033905022544786,949,425,False,0.0003831805952358991,False,0.047417085617780685,,,k4_envelope_not_measured_for_pair,,,,
42,9.450201988220215,0.01620221696794033,0.033534277230501175,0.017332060262560844,931,444,True,0.0006502807955257595,False,0.033534277230501175,,,k4_envelope_not_measured_for_pair,,,,
43,8.574219703674316,0.00022574681497644633,0.047745589166879654,0.04751984235190321,1054,519,False,0.00022574681497644633,False,0.047745589166879654,,,k4_envelope_not_measured_for_pair,,,,
44,12.107373237609863,0.02080395631492138,0.30105718970298767,0.2802532333880663,942,557,True,0.00011169700155733153,True,0.0002508357574697584,,,k4_envelope_not_measured_for_pair,,,,
45,1.5356642007827759,0.00022444158094003797,0.09968311339616776,0.09945867181522772,949,533,False,0.00022444158094003797,False,0.09968311339616776,,,k4_envelope_not_measured_for_pair,,,,
46,16.995805740356445,7.58303576731123e-05,0.021905796602368355,0.021829966244695242,948,691,False,7.58303576731123e-05,False,0.021905796602368355,,,k4_envelope_not_measured_for_pair,,,,
47,187.2042999267578,0.0010165133280679584,0.01291679497808218,0.011900281650014222,863,459,False,0.0010165133280679584,False,0.01291679497808218,,,k4_envelope_not_measured_for_pair,,,,
48,2.161036491394043,0.0005116916145198047,0.0025067219976335764,0.0019950303831137717,863,452,False,0.0005116916145198047,False,0.0025067219976335764,0.0004797389265149832,0.17289190559262746,within_k4_envelope_measured,,,,
49,4.354973316192627,0.0002919991093222052,0.09439214318990707,0.09410014408058487,969,471,False,0.0002919991093222052,False,0.09439214318990707,,,k4_envelope_not_measured_for_pair,,,,
50,186.1799774169922,0.00014976876263972372,0.06446723639965057,0.06431746763701085,905,468,False,0.00014976876263972372,False,0.06446723639965057,,,k4_envelope_not_measured_for_pair,,,,
51,2.218695878982544,0.00010341752204112709,8.76862250152044e-05,-1.5731297025922686e-05,1027,504,False,0.00010341752204112709,False,8.76862250152044e-05,,,k4_envelope_not_measured_for_pair,,,,
52,11.86104679107666,0.00024219263286795467,0.0008108464535325766,0.0005686538206646219,860,534,False,0.00024219263286795467,False,0.0008108464535325766,,,k4_envelope_not_measured_for_pair,,,,
53,6.0153350830078125,0.0004903543158434331,0.028852352872490883,0.02836199855664745,1074,515,False,0.0004903543158434331,False,0.028852352872490883,,,k4_envelope_not_measured_for_pair,,,,
54,5.065125465393066,0.00012227115803398192,0.03469237685203552,0.03457010569400154,1002,475,False,0.00012227115803398192,False,0.03469237685203552,,,k4_envelope_not_measured_for_pair,,,,
55,37.16938781738281,0.000277938146609813,0.03359536454081535,0.03331742639420554,953,523,False,0.000277938146609813,False,0.03359536454081535,,,k4_envelope_not_measured_for_pair,,,,
56,60.286197662353516,0.0004102443053852767,0.0709085464477539,0.07049830214236863,948,498,False,0.0004102443053852767,False,0.0709085464477539,,,k4_envelope_not_measured_for_pair,,,,
57,184.22637939453125,0.0004332523967605084,0.00478873448446393,0.004355482087703422,974,391,False,0.0004332523967605084,False,0.00478873448446393,,,k4_envelope_not_measured_for_pair,,,,
58,109.86917114257812,0.007963120006024837,0.3209814131259918,0.313018293119967,1052,501,True,0.0005208272486925125,False,0.3209814131259918,,,k4_envelope_not_measured_for_pair,,,,
59,4.193723201751709,0.0009353934437967837,0.004042931366711855,0.0031075379229150712,1165,549,False,0.0009353934437967837,False,0.004042931366711855,,,k4_envelope_not_measured_for_pair,,,,
60,9.661576271057129,0.00045246651279740036,0.2750426232814789,0.2745901567686815,1003,526,False,0.00045246651279740036,False,0.2750426232814789,,,k4_envelope_not_measured_for_pair,,,,
61,0.6893310546875,0.0027302270755171776,0.014950945042073727,0.012220717966556549,1198,604,False,0.0027302270755171776,False,0.014950945042073727,,,k4_envelope_not_measured_for_pair,,,,
62,137.30905151367188,0.0014694280689582229,0.001888513215817511,0.0004190851468592882,1051,499,False,0.0014694280689582229,False,0.001888513215817511,,,k4_envelope_not_measured_for_pair,,,,
63,0.30077773332595825,0.0021491830702871084,0.05266183614730835,0.05051265307702124,1098,597,False,0.0021491830702871084,False,0.05266183614730835,,,k4_envelope_not_measured_for_pair,,,,
64,4.420251846313477,0.001597408321686089,0.0030556954443454742,0.0014582871226593852,916,417,False,0.001597408321686089,False,0.0030556954443454742,,,k4_envelope_not_measured_for_pair,,,,
65,13.980640411376953,0.0014705286594107747,0.014239647425711155,0.01276911876630038,1202,539,False,0.0014705286594107747,False,0.014239647425711155,,,k4_envelope_not_measured_for_pair,,,,
66,0.5294567942619324,0.002320536645129323,0.03374246507883072,0.031421928433701396,2270,793,False,0.002320536645129323,False,0.03374246507883072,,,k4_envelope_not_measured_for_pair,,,,
67,7.58861780166626,0.003968554548919201,0.004359714221209288,0.00039115967229008675,1139,516,True,0.0004876348830293864,False,0.004359714221209288,,,k4_envelope_not_measured_for_pair,,,,
68,4.454472541809082,0.00040524746873416007,0.07466690242290497,0.07426165495417081,1261,468,False,0.00040524746873416007,False,0.07466690242290497,,,k4_envelope_not_measured_for_pair,,,,
69,41.70457458496094,0.0009913238463923335,0.001160818268544972,0.00016949442215263844,1428,582,False,0.0009913238463923335,False,0.001160818268544972,,,k4_envelope_not_measured_for_pair,,,,
70,166.2256622314453,0.0004691094218287617,0.012237912975251675,0.011768803553422913,1676,720,False,0.0004691094218287617,False,0.012237912975251675,,,k4_envelope_not_measured_for_pair,,,,
71,165.8494110107422,0.0013975361362099648,0.018567293882369995,0.01716975774616003,1163,672,False,0.0013975361362099648,False,0.018567293882369995,,,k4_envelope_not_measured_for_pair,,,,
72,0.016102414578199387,0.001535838469862938,0.0028026069048792124,0.0012667684350162745,1216,528,False,0.001535838469862938,False,0.0028026069048792124,,,k4_envelope_not_measured_for_pair,,,,
73,103.17477416992188,0.0019329708302393556,0.005701843183487654,0.003768872353248298,918,449,False,0.0019329708302393556,False,0.005701843183487654,,,k4_envelope_not_measured_for_pair,,,,
74,14.60752010345459,0.21680401265621185,0.20964539051055908,-0.007158622145652771,1498,1031,True,0.0006094241980463266,True,0.0007062645745463669,,,k4_envelope_not_measured_for_pair,,,,
75,6.752834320068359,0.00042376271449029446,0.04909811541438103,0.04867435269989073,1272,617,False,0.00042376271449029446,False,0.04909811541438103,,,k4_envelope_not_measured_for_pair,,,,
76,157.42625427246094,0.0006168948020786047,0.10907932370901108,0.10846242890693247,991,508,False,0.0006168948020786047,False,0.10907932370901108,,,k4_envelope_not_measured_for_pair,,,,
77,157.9381561279297,0.0005373511812649667,0.16592518985271454,0.16538783867144957,1066,589,False,0.0005373511812649667,False,0.16592518985271454,,,k4_envelope_not_measured_for_pair,,,,
78,2.2218680381774902,0.0015805404400452971,0.002186363795772195,0.0006058233557268977,1315,684,False,0.0015805404400452971,False,0.002186363795772195,,,k4_envelope_not_measured_for_pair,,,,
79,94.26229858398438,0.002492134226486087,0.13831984996795654,0.13582771574147046,1668,791,False,0.002492134226486087,False,0.13831984996795654,,,k4_envelope_not_measured_for_pair,,,,
80,171.99420166015625,0.0004973321338184178,0.0005707727978006005,7.344066398218274e-05,1130,454,False,0.0004973321338184178,False,0.0005707727978006005,,,k4_envelope_not_measured_for_pair,,,,
81,72.44780731201172,0.00025356668629683554,0.005563508719205856,0.005309942032909021,1094,528,False,0.00025356668629683554,False,0.005563508719205856,,,k4_envelope_not_measured_for_pair,,,,
82,128.61805725097656,0.00041166829760186374,0.01755794696509838,0.017146278667496517,1073,534,False,0.00041166829760186374,False,0.01755794696509838,,,k4_envelope_not_measured_for_pair,,,,
83,46.993743896484375,0.00044164282735437155,0.00040543300565332174,-3.6209821701049805e-05,1272,435,False,0.00044164282735437155,False,0.00040543300565332174,,,k4_envelope_not_measured_for_pair,,,,
84,158.10487365722656,0.0012178939068689942,0.002145470818504691,0.0009275769116356969,1070,555,False,0.0012178939068689942,False,0.002145470818504691,,,k4_envelope_not_measured_for_pair,,,,
85,1.7228822708129883,0.0019188058795407414,0.0026111481711268425,0.0006923422915861011,970,372,False,0.0019188058795407414,False,0.0026111481711268425,,,k4_envelope_not_measured_for_pair,,,,
86,0.2352691888809204,0.0012633127626031637,0.0018161180196329951,0.0005528052570298314,1155,538,False,0.0012633127626031637,False,0.0018161180196329951,,,k4_envelope_not_measured_for_pair,,,,
87,9.186396598815918,0.000632766168564558,0.21107591688632965,0.2104431507177651,1044,502,False,0.000632766168564558,False,0.21107591688632965,,,k4_envelope_not_measured_for_pair,,,,
88,1.7791424989700317,0.0014519387623295188,0.027549484744668007,0.026097545982338488,1164,498,False,0.0014519387623295188,False,0.027549484744668007,,,k4_envelope_not_measured_for_pair,,,,
89,5.513029098510742,0.0009318085503764451,0.05914587154984474,0.0582140629994683,1033,382,False,0.0009318085503764451,False,0.05914587154984474,,,k4_envelope_not_measured_for_pair,,,,
90,21.505002975463867,0.003579898737370968,0.008638591505587101,0.005058692768216133,808,348,True,0.0008285436779260635,False,0.008638591505587101,,,k4_envelope_not_measured_for_pair,,,,
91,14.103754997253418,0.0005512761417776346,0.02585444785654545,0.025303171714767814,1058,448,False,0.0005512761417776346,False,0.02585444785654545,,,k4_envelope_not_measured_for_pair,,,,
92,3.0736567974090576,0.001470976392738521,0.04284217581152916,0.04137119941879064,1074,435,False,0.001470976392738521,False,0.04284217581152916,,,k4_envelope_not_measured_for_pair,,,,
93,0.23623991012573242,0.001533558126538992,0.013358145952224731,0.01182458782568574,1167,481,False,0.001533558126538992,False,0.013358145952224731,,,k4_envelope_not_measured_for_pair,,,,
94,14.391863822937012,0.010857701301574707,0.0663253515958786,0.055467650294303894,980,457,True,0.0005872371839359403,False,0.0663253515958786,,,k4_envelope_not_measured_for_pair,,,,
95,0.4390939772129059,0.0006740402895957232,0.0019089574925601482,0.001234917202964425,1345,603,False,0.0006740402895957232,False,0.0019089574925601482,,,k4_envelope_not_measured_for_pair,,,,
96,91.25275421142578,0.0007406999357044697,0.0009991617407649755,0.00025846180506050587,896,483,False,0.0007406999357044697,False,0.0009991617407649755,,,k4_envelope_not_measured_for_pair,,,,
97,171.07012939453125,0.002352777635678649,0.06408166140317917,0.06172888376750052,1016,540,False,0.002352777635678649,False,0.06408166140317917,,,k4_envelope_not_measured_for_pair,,,,
98,0.2811780869960785,0.0007305119070224464,0.02522355131804943,0.024493039411026984,963,472,False,0.0007305119070224464,False,0.02522355131804943,,,k4_envelope_not_measured_for_pair,,,,
99,2.4008948802948,0.0017047818982973695,0.008693830110132694,0.006989048211835325,1117,563,False,0.0017047818982973695,False,0.008693830110132694,,,k4_envelope_not_measured_for_pair,,,,
100,1.9209932088851929,0.000980889075435698,0.16677682101726532,0.16579593194182962,889,535,False,0.000980889075435698,False,0.16677682101726532,,,k4_envelope_not_measured_for_pair,,,,
101,47.03215408325195,0.0015592467971146107,0.06711427122354507,0.06555502442643046,1133,528,False,0.0015592467971146107,False,0.06711427122354507,,,k4_envelope_not_measured_for_pair,,,,
102,56.824520111083984,0.0015512829413637519,0.003817126154899597,0.0022658432135358453,1132,526,False,0.0015512829413637519,False,0.003817126154899597,,,k4_envelope_not_measured_for_pair,,,,
103,0.8052789568901062,0.0007861836929805577,0.007046289276331663,0.0062601055833511055,1273,618,False,0.0007861836929805577,False,0.007046289276331663,,,k4_envelope_not_measured_for_pair,,,,
104,6.131424427032471,0.0005383116076700389,0.27560102939605713,0.2750627177883871,1196,598,False,0.0005383116076700389,False,0.27560102939605713,,,k4_envelope_not_measured_for_pair,,,,
105,1.6123566627502441,0.0037212753668427467,0.0394551120698452,0.03573383670300245,1203,477,False,0.0037212753668427467,False,0.0394551120698452,,,k4_envelope_not_measured_for_pair,,,,
106,0.11361861974000931,0.0036965070758014917,0.0062009128741919994,0.0025044057983905077,1020,480,True,0.0014949551550671458,False,0.0062009128741919994,,,k4_envelope_not_measured_for_pair,,,,
107,1.3259042501449585,0.0012929423246532679,0.0014750122791156173,0.00018206995446234941,974,619,False,0.0012929423246532679,False,0.0014750122791156173,,,k4_envelope_not_measured_for_pair,,,,
108,1.3788999319076538,0.002914079697802663,0.011801525019109249,0.008887445321306586,1052,522,False,0.002914079697802663,False,0.011801525019109249,,,k4_envelope_not_measured_for_pair,,,,
109,4.447290897369385,0.00039229626418091357,0.15213745832443237,0.15174516206025146,939,434,False,0.00039229626418091357,False,0.15213745832443237,,,k4_envelope_not_measured_for_pair,,,,
110,0.9216461181640625,0.0010613292688503861,0.004025847651064396,0.0029645183822140098,895,405,False,0.0010613292688503861,False,0.004025847651064396,,,k4_envelope_not_measured_for_pair,,,,
111,4.431351184844971,0.0010656554950401187,0.07174933701753616,0.07068368152249604,950,496,False,0.0010656554950401187,False,0.07174933701753616,,,k4_envelope_not_measured_for_pair,,,,
112,2.334851026535034,0.0017715349094942212,0.019746817648410797,0.017975282738916576,1091,490,False,0.0017715349094942212,False,0.019746817648410797,,,k4_envelope_not_measured_for_pair,,,,
113,1.282913088798523,0.0016935014864429832,0.06623778492212296,0.06454428343567997,916,313,False,0.0016935014864429832,False,0.06623778492212296,,,k4_envelope_not_measured_for_pair,,,,
114,5.880039215087891,0.0009018214768730104,0.028222838416695595,0.027321016939822584,872,410,False,0.0009018214768730104,False,0.028222838416695595,,,k4_envelope_not_measured_for_pair,,,,
115,3.583674430847168,0.0006826155004091561,0.006542341783642769,0.005859726283233613,1004,557,False,0.0006826155004091561,False,0.006542341783642769,,,k4_envelope_not_measured_for_pair,,,,
116,0.7233418822288513,0.0013366728089749813,0.0673481673002243,0.06601149449124932,845,330,False,0.0013366728089749813,False,0.0673481673002243,,,k4_envelope_not_measured_for_pair,,,,
117,2.3526012897491455,0.001358258887194097,0.07987485080957413,0.07851659192238003,1195,583,False,0.001358258887194097,False,0.07987485080957413,,,k4_envelope_not_measured_for_pair,,,,
118,26.73554801940918,0.0006355912773869932,0.0045077865943312645,0.0038721953169442713,942,540,False,0.0006355912773869932,False,0.0045077865943312645,,,k4_envelope_not_measured_for_pair,,,,
119,0.2898848354816437,0.002261098939925432,0.012354068458080292,0.01009296951815486,905,491,False,0.002261098939925432,False,0.012354068458080292,,,k4_envelope_not_measured_for_pair,,,,
120,0.7894611954689026,0.0024271600414067507,0.02684374898672104,0.024416588945314288,1020,502,False,0.0024271600414067507,False,0.02684374898672104,,,k4_envelope_not_measured_for_pair,,,,
121,1.1872113943099976,0.00155635888222605,0.004874373320490122,0.003318014438264072,873,463,False,0.00155635888222605,False,0.004874373320490122,,,k4_envelope_not_measured_for_pair,,,,
122,7.407105922698975,0.0023097225930541754,0.01862768642604351,0.016317963832989335,902,430,False,0.0023097225930541754,False,0.01862768642604351,,,k4_envelope_not_measured_for_pair,,,,
123,4.460729598999023,0.0007074939203448594,0.029643535614013672,0.028936041693668813,779,420,False,0.0007074939203448594,False,0.029643535614013672,,,k4_envelope_not_measured_for_pair,,,,
124,2.1186773777008057,0.001252665533684194,0.0013970712898299098,0.0001444057561457157,979,503,False,0.001252665533684194,False,0.0013970712898299098,,,k4_envelope_not_measured_for_pair,,,,
125,6.215077877044678,0.0017606649780645967,0.06987714022397995,0.06811647524591535,832,357,False,0.0017606649780645967,False,0.06987714022397995,,,k4_envelope_not_measured_for_pair,0.0040640332736074924,ext_a,,
126,6.42125940322876,0.0013628783635795116,0.0678195133805275,0.06645663501694798,1052,441,False,0.0013628783635795116,False,0.0678195133805275,,,k4_envelope_not_measured_for_pair,,,,
127,88.0167465209961,0.0008617336279712617,0.01216388400644064,0.011302150378469378,818,397,False,0.0008617336279712617,False,0.01216388400644064,,,k4_envelope_not_measured_for_pair,,,,
128,20.88051414489746,0.0020717892330139875,0.5842639803886414,0.5821921911556274,987,519,False,0.0020717892330139875,False,0.5842639803886414,,,k4_envelope_not_measured_for_pair,,,,
129,35.698116302490234,0.0027426965534687042,0.0040933252312242985,0.0013506286777555943,962,536,True,0.0010860486654564738,False,0.0040933252312242985,,,k4_envelope_not_measured_for_pair,,,,
130,1.3391271829605103,0.0016902416246011853,0.002346556866541505,0.0006563152419403195,802,420,False,0.0016902416246011853,False,0.002346556866541505,,,k4_envelope_not_measured_for_pair,,,,
131,0.08933708816766739,0.0009072544635273516,0.0038600557018071413,0.0029528012382797897,834,321,False,0.0009072544635273516,False,0.0038600557018071413,,,k4_envelope_not_measured_for_pair,,,,
132,0.7864959239959717,0.0007309074862860143,0.0009871680522337556,0.00025626056594774127,872,347,False,0.0007309074862860143,False,0.0009871680522337556,,,k4_envelope_not_measured_for_pair,,,,
133,153.99476623535156,0.0015437976690009236,0.003534208284690976,0.0019904106156900525,1407,705,False,0.0015437976690009236,False,0.003534208284690976,,,k4_envelope_not_measured_for_pair,,,,
134,152.56871032714844,0.002188499318435788,0.02249331586062908,0.020304816542193294,1144,669,False,0.002188499318435788,False,0.02249331586062908,,,k4_envelope_not_measured_for_pair,,,,
135,14.86253833770752,0.0006057001301087439,0.04014968499541283,0.03954398486530408,1087,565,False,0.0006057001301087439,False,0.04014968499541283,,,k4_envelope_not_measured_for_pair,,,,
136,0.11930831521749496,0.001283087651245296,0.0023032082244753838,0.0010201205732300878,1016,457,False,0.001283087651245296,False,0.0023032082244753838,,,k4_envelope_not_measured_for_pair,,,,
137,0.31244874000549316,0.0006692125461995602,0.03532322868704796,0.0346540161408484,1231,609,False,0.0006692125461995602,False,0.03532322868704796,,,k4_envelope_not_measured_for_pair,,,,
138,150.23585510253906,0.002450767904520035,0.17088820040225983,0.1684374324977398,1308,518,False,0.002450767904520035,False,0.17088820040225983,,,k4_envelope_not_measured_for_pair,,,,
139,6.194404125213623,0.0007985855918377638,0.006403237581253052,0.005604651989415288,833,331,False,0.0007985855918377638,False,0.006403237581253052,,,k4_envelope_not_measured_for_pair,,,,
140,46.54817199707031,0.00046517644659616053,0.04399542883038521,0.04353025238378905,1115,443,False,0.00046517644659616053,False,0.04399542883038521,,,k4_envelope_not_measured_for_pair,,,,
141,9.910881042480469,0.0009189776610583067,0.0008337058243341744,-8.52718367241323e-05,1240,511,False,0.0009189776610583067,False,0.0008337058243341744,,,k4_envelope_not_measured_for_pair,,,,
142,4.730641841888428,0.004000419285148382,0.005440101493149996,0.0014396822080016136,940,378,True,0.0008467600564472377,False,0.005440101493149996,,,k4_envelope_not_measured_for_pair,,,,
143,2.38811993598938,0.001455347053706646,0.464026540517807,0.46257119346410036,1069,464,False,0.001455347053706646,False,0.464026540517807,,,k4_envelope_not_measured_for_pair,,,,
144,146.48170471191406,0.0031069715041667223,0.16807101666927338,0.16496404516510665,902,386,True,0.0016509316628798842,False,0.16807101666927338,,,k4_envelope_not_measured_for_pair,,,,
145,137.7444610595703,0.0010544084943830967,0.05719318613409996,0.056138777639716864,1063,437,False,0.0010544084943830967,False,0.05719318613409996,,,k4_envelope_not_measured_for_pair,,,,
146,33.76603317260742,0.0007838837918825448,0.0041535417549312115,0.0033696579630486667,1051,370,False,0.0007838837918825448,False,0.0041535417549312115,,,k4_envelope_not_measured_for_pair,,,,
147,84.1864242553711,0.0007433671853505075,0.057878732681274414,0.05713536549592391,815,418,False,0.0007433671853505075,False,0.057878732681274414,,,k4_envelope_not_measured_for_pair,,,,
148,134.5288543701172,0.0018312218599021435,3.1330883502960205,3.1312571284361184,958,387,False,0.0018312218599021435,False,3.1330883502960205,,,k4_envelope_not_measured_for_pair,,,,
149,0.01164753083139658,0.002138979034498334,0.01633261889219284,0.014193639857694507,981,467,False,0.002138979034498334,False,0.01633261889219284,,,k4_envelope_not_measured_for_pair,,,,
150,1.4668117761611938,0.0009709419682621956,0.0013178233057260513,0.00034688133746385574,977,413,False,0.0009709419682621956,False,0.0013178233057260513,,,k4_envelope_not_measured_for_pair,,,,
151,6.592582702636719,0.0007194255013018847,0.0016245300648733974,0.0009051045635715127,1321,559,False,0.0007194255013018847,False,0.0016245300648733974,,,k4_envelope_not_measured_for_pair,,,,
152,0.36601683497428894,0.001173956785351038,0.07527058571577072,0.07409662893041968,1066,579,False,0.001173956785351038,False,0.07527058571577072,,,k4_envelope_not_measured_for_pair,,,,
153,0.08771535009145737,0.001833710353821516,0.03914862498641014,0.037314914632588625,1142,450,False,0.001833710353821516,False,0.03914862498641014,,,k4_envelope_not_measured_for_pair,,,,
154,0.5335146188735962,0.0004992280737496912,0.2307821661233902,0.2302829380496405,1188,568,False,0.0004992280737496912,False,0.2307821661233902,,,k4_envelope_not_measured_for_pair,,,,
155,17.641820907592773,0.0017650723457336426,0.014709754846990108,0.012944682501256466,1492,665,False,0.0017650723457336426,False,0.014709754846990108,,,k4_envelope_not_measured_for_pair,,,,
156,125.01862335205078,0.0012921420857310295,0.005077302921563387,0.0037851608358323574,1060,435,False,0.0012921420857310295,False,0.005077302921563387,,,k4_envelope_not_measured_for_pair,,,,
157,10.720398902893066,0.001146491733379662,0.01081163715571165,0.009665145422331989,1199,518,False,0.001146491733379662,False,0.01081163715571165,,,k4_envelope_not_measured_for_pair,,,,
158,10.521818161010742,0.0016117794439196587,0.009210017509758472,0.007598238065838814,1119,498,False,0.0016117794439196587,False,0.009210017509758472,,,k4_envelope_not_measured_for_pair,,,,
159,3.71303653717041,0.002398843178525567,0.042532116174697876,0.04013327299617231,1167,496,False,0.002398843178525567,False,0.042532116174697876,,,k4_envelope_not_measured_for_pair,,,,
160,0.9949737191200256,0.002012812765315175,0.02837069146335125,0.026357878698036075,993,422,False,0.002012812765315175,False,0.02837069146335125,,,k4_envelope_not_measured_for_pair,,,,
161,0.7803340554237366,0.0012112573022022843,0.0017573712393641472,0.0005461139371618629,1258,497,False,0.0012112573022022843,False,0.0017573712393641472,,,k4_envelope_not_measured_for_pair,,,,
162,1.2786983251571655,0.0010482206707820296,0.015371222980320454,0.014323002309538424,1013,393,False,0.0010482206707820296,False,0.015371222980320454,,,k4_envelope_not_measured_for_pair,,,,
163,0.8430299758911133,0.0022061525378376245,0.023615218698978424,0.0214090661611408,1032,451,False,0.0022061525378376245,False,0.023615218698978424,,,k4_envelope_not_measured_for_pair,0.0016661901026964188,ext_a,,
164,21.351844787597656,0.005855063442140818,0.008934891782701015,0.003079828340560198,1614,609,True,0.0008066198788583279,False,0.008934891782701015,,,k4_envelope_not_measured_for_pair,,,,
165,30.265846252441406,0.0027839860413223505,0.35759851336479187,0.3548145273234695,1622,705,False,0.0027839860413223505,False,0.35759851336479187,,,k4_envelope_not_measured_for_pair,,,,
166,0.6098234057426453,0.001794898067601025,0.02457018941640854,0.022775291348807514,980,476,False,0.001794898067601025,False,0.02457018941640854,,,k4_envelope_not_measured_for_pair,,,,
167,2.9209134578704834,0.0012705057160928845,0.05334843695163727,0.052077931235544384,1022,485,False,0.0012705057160928845,False,0.05334843695163727,,,k4_envelope_not_measured_for_pair,,,,
168,10.061654090881348,0.0009603847865946591,0.011153827421367168,0.01019344263477251,949,463,False,0.0009603847865946591,False,0.011153827421367168,,,k4_envelope_not_measured_for_pair,,,,
169,1.2127078771591187,0.0008019963279366493,0.005287344101816416,0.0044853477738797665,893,405,False,0.0008019963279366493,False,0.005287344101816416,,,k4_envelope_not_measured_for_pair,,,,
170,37.39307403564453,0.0019015060970559716,0.0037800122518092394,0.0018785061547532678,1145,410,False,0.0019015060970559716,False,0.0037800122518092394,,,k4_envelope_not_measured_for_pair,,,,
171,1.4405951499938965,0.001282651792280376,0.053253885358572006,0.05197123356629163,942,388,False,0.001282651792280376,False,0.053253885358572006,,,k4_envelope_not_measured_for_pair,,,,
172,1.0172415971755981,0.0012871838407590985,0.012096110731363297,0.010808926890604198,927,536,False,0.0012871838407590985,False,0.012096110731363297,,,k4_envelope_not_measured_for_pair,,,,
173,16.40719223022461,0.0011155548272654414,0.022294947877526283,0.021179393050260842,1007,494,False,0.0011155548272654414,False,0.022294947877526283,,,k4_envelope_not_measured_for_pair,,,,
174,50.855464935302734,0.0016864649951457977,0.010328264907002449,0.008641799911856651,867,370,False,0.0016864649951457977,False,0.010328264907002449,,,k4_envelope_not_measured_for_pair,,,,
175,16.047138214111328,0.0010864782379940152,0.01879962719976902,0.017713148961775005,1020,383,False,0.0010864782379940152,False,0.01879962719976902,,,k4_envelope_not_measured_for_pair,,,,
176,2.1072099208831787,0.001711819670163095,0.017238585278391838,0.015526765608228743,1043,380,False,0.001711819670163095,False,0.017238585278391838,,,k4_envelope_not_measured_for_pair,,,,
177,0.12694548070430756,0.001066088443621993,0.0010763542959466577,1.0265852324664593e-05,2009,521,False,0.001066088443621993,False,0.0010763542959466577,,,k4_envelope_not_measured_for_pair,0.001360395923256874,ext_a,,
178,0.4028107225894928,0.0010165536077693105,0.04799393191933632,0.04697737831156701,1013,432,False,0.0010165536077693105,False,0.04799393191933632,,,k4_envelope_not_measured_for_pair,,,,
179,0.8985660672187805,0.001002756878733635,0.013395004905760288,0.012392248027026653,931,430,False,0.001002756878733635,False,0.013395004905760288,,,k4_envelope_not_measured_for_pair,,,,
180,0.7423432469367981,0.0005613237735815346,0.029267320409417152,0.028705996635835618,924,437,False,0.0005613237735815346,False,0.029267320409417152,,,k4_envelope_not_measured_for_pair,,,,
181,0.24405227601528168,0.001025092788040638,0.06976848095655441,0.06874338816851377,850,518,False,0.001025092788040638,False,0.06976848095655441,,,k4_envelope_not_measured_for_pair,,,,
182,152.30691528320312,0.0008012032485567033,0.0017376468749716878,0.0009364436264149845,926,396,False,0.0008012032485567033,False,0.0017376468749716878,,,k4_envelope_not_measured_for_pair,,,,
183,6.479800701141357,0.0015329229645431042,0.0025602905079722404,0.0010273675434291363,1025,512,False,0.0015329229645431042,False,0.0025602905079722404,,,k4_envelope_not_measured_for_pair,,,,
184,31.71856117248535,0.001943035633303225,0.03685181587934494,0.034908780246041715,973,382,False,0.001943035633303225,False,0.03685181587934494,,,k4_envelope_not_measured_for_pair,,,,
185,0.33114710450172424,0.0004576785722747445,0.08348500728607178,0.08302732871379703,878,389,False,0.0004576785722747445,False,0.08348500728607178,,,k4_envelope_not_measured_for_pair,,,,
186,11.557730674743652,0.0011216647690162063,0.232984721660614,0.2318630568915978,1102,494,False,0.0011216647690162063,False,0.232984721660614,,,k4_envelope_not_measured_for_pair,,,,
187,3.706378221511841,0.0010656139347702265,0.011706667952239513,0.010641054017469287,1107,567,False,0.0010656139347702265,False,0.011706667952239513,0.00284759234637022,1.0262366464430572,within_k4_envelope_measured,,,,
188,3.0181643962860107,0.0007805470959283412,0.012448982335627079,0.011668435239698738,958,396,False,0.0007805470959283412,False,0.012448982335627079,,,k4_envelope_not_measured_for_pair,,,,
189,142.03419494628906,0.00172431708779186,0.15794219076633453,0.15621787367854267,1044,561,False,0.00172431708779186,False,0.15794219076633453,,,k4_envelope_not_measured_for_pair,,,,
190,1.2170120477676392,0.0009876741096377373,0.001152904354967177,0.00016523024532943964,1207,494,False,0.0009876741096377373,False,0.001152904354967177,,,k4_envelope_not_measured_for_pair,,,,
191,3.362971544265747,0.0013220381224527955,0.1307942122220993,0.1294721740996465,1097,481,False,0.0013220381224527955,False,0.1307942122220993,,,k4_envelope_not_measured_for_pair,,,,
192,134.69024658203125,0.0018943784525617957,0.09271401911973953,0.09081964066717774,1145,569,False,0.0018943784525617957,False,0.09271401911973953,,,k4_envelope_not_measured_for_pair,,,,
193,25.471895217895508,0.001544835977256298,0.015364161692559719,0.013819325715303421,894,372,False,0.001544835977256298,False,0.015364161692559719,,,k4_envelope_not_measured_for_pair,,,,
194,137.3809051513672,0.0009236386977136135,0.018057851120829582,0.01713421242311597,1115,509,False,0.0009236386977136135,False,0.018057851120829582,,,k4_envelope_not_measured_for_pair,,,,
195,102.08102416992188,0.0013179887318983674,0.0042284647934138775,0.00291047606151551,884,447,False,0.0013179887318983674,False,0.0042284647934138775,,,k4_envelope_not_measured_for_pair,,,,
196,0.9268031716346741,0.001681482419371605,0.04404135048389435,0.04235986806452274,1191,497,False,0.001681482419371605,False,0.04404135048389435,,,k4_envelope_not_measured_for_pair,,,,
197,0.07576535642147064,0.00434590270742774,0.0481945239007473,0.04384862119331956,927,422,True,0.0013515438186004758,False,0.0481945239007473,,,k4_envelope_not_measured_for_pair,,,,
198,72.27774810791016,0.0025681934785097837,0.01613209955394268,0.013563906075432897,849,392,False,0.0025681934785097837,False,0.01613209955394268,,,k4_envelope_not_measured_for_pair,,,,
199,56.596710205078125,0.0012889798963442445,0.09285182505846024,0.09156284516211599,968,433,False,0.0012889798963442445,False,0.09285182505846024,,,k4_envelope_not_measured_for_pair,,,,
200,151.81861877441406,0.0015184166841208935,0.906562089920044,0.905043673235923,897,439,False,0.0015184166841208935,False,0.906562089920044,,,k4_envelope_not_measured_for_pair,,,,
201,5.418458461761475,0.0010708476183936,0.003949082922190428,0.002878235303796828,1117,440,False,0.0010708476183936,False,0.003949082922190428,,,k4_envelope_not_measured_for_pair,,,,
202,0.25766193866729736,0.000626440451014787,0.2735857665538788,0.272959326102864,989,545,False,0.000626440451014787,False,0.2735857665538788,,,k4_envelope_not_measured_for_pair,,,,
203,11.383316993713379,0.0014245440252125263,0.005907811224460602,0.0044832671992480755,955,389,False,0.0014245440252125263,False,0.005907811224460602,,,k4_envelope_not_measured_for_pair,,,,
204,8.197077751159668,0.0009796952363103628,0.05936586484313011,0.05838616960681975,920,415,False,0.0009796952363103628,False,0.05936586484313011,,,k4_envelope_not_measured_for_pair,,,,
205,26.006559371948242,0.0010327016934752464,0.011649168096482754,0.010616466403007507,822,447,False,0.0010327016934752464,False,0.011649168096482754,,,k4_envelope_not_measured_for_pair,,,,
206,12.167874336242676,0.0012578970054164529,0.1191694438457489,0.11791154684033245,924,518,False,0.0012578970054164529,False,0.1191694438457489,,,k4_envelope_not_measured_for_pair,,,,
207,2.4530951976776123,0.0005201525636948645,0.011615672148764133,0.011095519585069269,693,376,False,0.0005201525636948645,False,0.011615672148764133,,,k4_envelope_not_measured_for_pair,,,,
208,1.7611404657363892,0.0005246583023108542,0.027249261736869812,0.026724603434558958,766,507,False,0.0005246583023108542,False,0.027249261736869812,,,k4_envelope_not_measured_for_pair,,,,
209,2.578925609588623,0.0008851071470417082,0.0008330279961228371,-5.2079150918871164e-05,705,377,False,0.0008851071470417082,False,0.0008330279961228371,,,k4_envelope_not_measured_for_pair,,,,
210,0.9391972422599792,0.0006658020429313183,0.05589183792471886,0.05522603588178754,1059,467,False,0.0006658020429313183,False,0.05589183792471886,,,k4_envelope_not_measured_for_pair,,,,
211,27.93707275390625,0.0005036757211200893,0.021340684965252876,0.020837009244132787,822,377,False,0.0005036757211200893,False,0.021340684965252876,,,k4_envelope_not_measured_for_pair,,,,
212,0.06629360467195511,0.00022118637571111321,0.042352769523859024,0.04213158314814791,732,408,False,0.00022118637571111321,False,0.042352769523859024,,,k4_envelope_not_measured_for_pair,,,,
213,0.7363094687461853,0.00015374684880953282,0.05279029905796051,0.05263655220915098,544,345,False,0.00015374684880953282,False,0.05279029905796051,,,k4_envelope_not_measured_for_pair,,,,
214,1.8226780891418457,8.520618575857952e-05,0.019901731982827187,0.019816525797068607,826,439,False,8.520618575857952e-05,False,0.019901731982827187,,,k4_envelope_not_measured_for_pair,,,,
215,5.092833042144775,0.0001978146465262398,0.035218894481658936,0.035021079835132696,945,508,False,0.0001978146465262398,False,0.035218894481658936,,,k4_envelope_not_measured_for_pair,,,,
216,46.38844680786133,0.0010215009097009897,0.1208454966545105,0.11982399574480951,637,328,False,0.0010215009097009897,False,0.1208454966545105,,,k4_envelope_not_measured_for_pair,,,,
217,125.75180053710938,2.0146084352745675e-05,0.005430214572697878,0.005410068488345132,825,496,False,2.0146084352745675e-05,False,0.005430214572697878,,,k4_envelope_not_measured_for_pair,,,,
218,30.554166793823242,7.22162876627408e-05,0.0015165425138548017,0.0014443262261920609,659,351,False,7.22162876627408e-05,False,0.0015165425138548017,,,k4_envelope_not_measured_for_pair,,,,
219,17.535017013549805,0.00020748966198880225,0.007009856402873993,0.006802366740885191,840,500,False,0.00020748966198880225,False,0.007009856402873993,,,k4_envelope_not_measured_for_pair,0.0001745521294651553,ext_b,,
220,103.40911102294922,7.711956277489662e-05,0.010352306999266148,0.010275187436491251,999,488,False,7.711956277489662e-05,False,0.010352306999266148,,,k4_envelope_not_measured_for_pair,,,,
221,0.12602464854717255,0.00039352686144411564,0.010290883481502533,0.009897356620058417,712,340,False,0.00039352686144411564,False,0.010290883481502533,,,k4_envelope_not_measured_for_pair,,,,
222,0.8946234583854675,0.00011210981028852984,0.012528836727142334,0.012416726916853804,749,417,False,0.00011210981028852984,False,0.012528836727142334,,,k4_envelope_not_measured_for_pair,,,,
223,4.315739631652832,0.00012619944754987955,0.09138801693916321,0.09126181749161333,923,338,False,0.00012619944754987955,False,0.09138801693916321,,,k4_envelope_not_measured_for_pair,,,,
224,107.47845458984375,0.0005057729431428015,0.0011597751872614026,0.0006540022441186011,945,538,False,0.0005057729431428015,False,0.0011597751872614026,,,k4_envelope_not_measured_for_pair,,,,
225,3.469651222229004,0.00023785697703715414,0.06257545948028564,0.06233760250324849,876,422,False,0.00023785697703715414,False,0.06257545948028564,,,k4_envelope_not_measured_for_pair,,,,
226,163.50466918945312,0.0002962680591735989,0.20953625440597534,0.20923998634680174,931,502,False,0.0002962680591735989,False,0.20953625440597534,,,k4_envelope_not_measured_for_pair,,,,
227,1.7996340990066528,0.0007402249029837549,0.02980017103254795,0.029059946129564196,891,364,False,0.0007402249029837549,False,0.02980017103254795,,,k4_envelope_not_measured_for_pair,,,,
228,86.66608428955078,0.0005803295061923563,0.5677118897438049,0.5671315602376126,902,417,False,0.0005803295061923563,False,0.5677118897438049,,,k4_envelope_not_measured_for_pair,,,,
229,159.92311096191406,0.0013515601167455316,0.05348623916506767,0.05213467904832214,870,445,False,0.0013515601167455316,False,0.05348623916506767,,,k4_envelope_not_measured_for_pair,,,,
230,92.39826202392578,0.00037590530700981617,0.5360146164894104,0.5356387111824006,854,452,False,0.00037590530700981617,False,0.5360146164894104,,,k4_envelope_not_measured_for_pair,,,,
231,3.298858404159546,0.0010204247664660215,0.07624869793653488,0.07522827317006886,1017,434,False,0.0010204247664660215,False,0.07624869793653488,,,k4_envelope_not_measured_for_pair,,,,
232,1.2781847715377808,0.0006712750182487071,0.0011062443954870105,0.0004349693772383034,1114,343,False,0.0006712750182487071,False,0.0011062443954870105,,,k4_envelope_not_measured_for_pair,0.00090405298396945,ext_a,,
233,2.076101779937744,0.00034626005799509585,0.06360284239053726,0.06325658233254217,805,389,False,0.00034626005799509585,False,0.06360284239053726,,,k4_envelope_not_measured_for_pair,,,,
234,1.4749449491500854,0.0002604630426503718,0.0377298928797245,0.03746942983707413,921,335,False,0.0002604630426503718,False,0.0377298928797245,,,k4_envelope_not_measured_for_pair,,,,
235,10.856219291687012,0.00010870594996958971,0.006349652539938688,0.006240946589969099,827,272,False,0.00010870594996958971,False,0.006349652539938688,,,k4_envelope_not_measured_for_pair,,,,
236,11.19021224975586,0.00020683307957369834,0.045724060386419296,0.0455172273068456,800,427,False,0.00020683307957369834,False,0.045724060386419296,,,k4_envelope_not_measured_for_pair,,,,
237,0.661627471446991,0.0009368867031298578,0.014850909821689129,0.013914023118559271,678,361,False,0.0009368867031298578,False,0.014850909821689129,,,k4_envelope_not_measured_for_pair,,,,
238,13.463709831237793,0.00028161602676846087,0.0020828137639909983,0.0018011977372225374,925,398,False,0.00028161602676846087,False,0.0020828137639909983,,,k4_envelope_not_measured_for_pair,,,,
239,131.0464630126953,4.227582030580379e-05,1.5807075500488281,1.5806652742285223,1084,702,False,4.227582030580379e-05,False,1.5807075500488281,,,k4_envelope_not_measured_for_pair,0.0007724203169345856,ext_b,,
240,1.3399916887283325,0.0003362304996699095,0.023198887705802917,0.022862657206133008,995,289,False,0.0003362304996699095,False,0.023198887705802917,,,k4_envelope_not_measured_for_pair,,,,
241,39.19038009643555,0.00012768049782607704,0.0028728654142469168,0.0027451849164208397,1004,600,False,0.00012768049782607704,False,0.0028728654142469168,,,k4_envelope_not_measured_for_pair,0.00020923145348206162,ext_b,,
242,10.203299522399902,5.228688314673491e-05,0.13881783187389374,0.138765544990747,818,413,False,5.228688314673491e-05,False,0.13881783187389374,,,k4_envelope_not_measured_for_pair,,,,
243,3.2321889400482178,0.00029046935378573835,0.0012105739442631602,0.0009201045904774219,844,429,False,0.00029046935378573835,False,0.0012105739442631602,,,k4_envelope_not_measured_for_pair,,,,
244,119.96793365478516,0.000712953566107899,0.008643117733299732,0.007930164167191833,836,375,False,0.000712953566107899,False,0.008643117733299732,,,k4_envelope_not_measured_for_pair,,,,
245,16.22154998779297,0.0001251908834092319,0.15029925107955933,0.1501740601961501,1046,309,False,0.0001251908834092319,False,0.15029925107955933,,,k4_envelope_not_measured_for_pair,,,,
246,36.45972442626953,0.000314472708851099,0.019902756437659264,0.019588283728808165,806,359,False,0.000314472708851099,False,0.019902756437659264,,,k4_envelope_not_measured_for_pair,,,,
247,2.2351150512695312,0.001354869338683784,0.016718732193112373,0.01536386285442859,873,411,False,0.001354869338683784,False,0.016718732193112373,,,k4_envelope_not_measured_for_pair,,,,
248,4.834111213684082,0.00047122559044510126,0.009875711984932423,0.009404486394487321,749,420,False,0.00047122559044510126,False,0.009875711984932423,,,k4_envelope_not_measured_for_pair,,,,
249,4.299351215362549,0.0002954292285721749,0.0005584678729064763,0.00026303864433430135,1056,409,False,0.0002954292285721749,False,0.0005584678729064763,,,k4_envelope_not_measured_for_pair,,,,
250,1.2152198553085327,0.00013137633504811674,0.0009721850510686636,0.0008408087160205469,888,454,False,0.00013137633504811674,False,0.0009721850510686636,,,k4_envelope_not_measured_for_pair,,,,
251,20.417823791503906,6.345198926283047e-05,0.0012177174212411046,0.0011542654319782741,913,349,False,6.345198926283047e-05,False,0.0012177174212411046,,,k4_envelope_not_measured_for_pair,,,,
252,79.90906524658203,0.0009045235929079354,0.20310835540294647,0.20220383181003854,946,414,False,0.0009045235929079354,False,0.20310835540294647,,,k4_envelope_not_measured_for_pair,,,,
253,154.50082397460938,0.0003014480753336102,0.206099271774292,0.20579782369895838,855,398,False,0.0003014480753336102,False,0.206099271774292,,,k4_envelope_not_measured_for_pair,,,,
254,24.10380744934082,0.00021592168195638806,0.010030911304056644,0.009814989622100256,793,371,False,0.00021592168195638806,False,0.010030911304056644,,,k4_envelope_not_measured_for_pair,,,,
255,3.8258514404296875,0.00019546312978491187,0.0003024824254680425,0.00010701929568313062,878,425,False,0.00019546312978491187,False,0.0003024824254680425,,,k4_envelope_not_measured_for_pair,,,,
256,5.533212184906006,0.0006634902092628181,0.029421694576740265,0.028758204367477447,799,363,False,0.0006634902092628181,False,0.029421694576740265,,,k4_envelope_not_measured_for_pair,,,,
257,161.1114501953125,0.0007974538602866232,0.5765356421470642,0.5757381882867776,798,394,False,0.0007974538602866232,False,0.5765356421470642,,,k4_envelope_not_measured_for_pair,,,,
258,1.0931764841079712,0.0003662552044261247,0.039995111525058746,0.03962885632063262,751,372,False,0.0003662552044261247,False,0.039995111525058746,,,k4_envelope_not_measured_for_pair,,,,
259,151.90582275390625,0.00017975381342694163,0.00043444373295642436,0.0002546899195294827,870,353,False,0.00017975381342694163,False,0.00043444373295642436,,,k4_envelope_not_measured_for_pair,,,,
260,11.384428977966309,0.0004609347088262439,0.10893678665161133,0.10847585194278508,763,418,False,0.0004609347088262439,False,0.10893678665161133,,,k4_envelope_not_measured_for_pair,,,,
261,120.90886688232422,7.638950046384707e-05,0.3972890377044678,0.3972126482040039,844,441,False,7.638950046384707e-05,False,0.3972890377044678,,,k4_envelope_not_measured_for_pair,,,,
262,2.9395406246185303,0.0005405701813288033,0.0030043793376535177,0.0024638091563247144,864,399,False,0.0005405701813288033,False,0.0030043793376535177,,,k4_envelope_not_measured_for_pair,,,,
263,45.5150032043457,0.00025839664158411324,0.006898760795593262,0.0066403641540091485,917,424,False,0.00025839664158411324,False,0.006898760795593262,,,k4_envelope_not_measured_for_pair,,,,
264,22.237070083618164,5.7865978305926546e-05,0.07231592386960983,0.0722580578913039,876,360,False,5.7865978305926546e-05,False,0.07231592386960983,,,k4_envelope_not_measured_for_pair,,,,
265,4.11759614944458,0.0005450492026284337,0.013017757795751095,0.012472708593122661,853,366,False,0.0005450492026284337,False,0.013017757795751095,,,k4_envelope_not_measured_for_pair,,,,
266,2.5593903064727783,0.00016144609253387898,0.014159786514937878,0.013998340422403999,911,461,False,0.00016144609253387898,False,0.014159786514937878,,,k4_envelope_not_measured_for_pair,,,,
267,4.734951972961426,0.00015235871251206845,0.006034922320395708,0.00588256360788364,723,366,False,0.00015235871251206845,False,0.006034922320395708,,,k4_envelope_not_measured_for_pair,,,,
268,0.47933897376060486,0.00015562810585834086,0.12894992530345917,0.12879429719760083,795,309,False,0.00015562810585834086,False,0.12894992530345917,,,k4_envelope_not_measured_for_pair,,,,
269,132.81280517578125,0.0002910532639361918,0.02170688472688198,0.02141583146294579,894,441,False,0.0002910532639361918,False,0.02170688472688198,,,k4_envelope_not_measured_for_pair,,,,
270,3.2297356128692627,0.0001271965738851577,0.018229840323328972,0.018102643749443814,803,372,False,0.0001271965738851577,False,0.018229840323328972,,,k4_envelope_not_measured_for_pair,,,,
271,2.451969623565674,0.00018743025430012494,0.0020733026321977377,0.0018858723778976128,933,505,False,0.00018743025430012494,False,0.0020733026321977377,,,k4_envelope_not_measured_for_pair,,,,
272,1.0462291240692139,1.1955282388953492e-05,0.03091239184141159,0.030900436559022637,883,414,False,1.1955282388953492e-05,False,0.03091239184141159,,,k4_envelope_not_measured_for_pair,,,,
273,49.29539108276367,0.00010267808102071285,0.19570904970169067,0.19560637162066996,838,421,False,0.00010267808102071285,False,0.19570904970169067,,,k4_envelope_not_measured_for_pair,,,,
274,6.837713718414307,0.0002950742782559246,0.0006978321471251547,0.00040275786886923015,815,326,False,0.0002950742782559246,False,0.0006978321471251547,,,k4_envelope_not_measured_for_pair,,,,
275,1.556032657623291,0.0132218599319458,0.021045761182904243,0.007823901250958443,944,499,True,0.00045339783537201583,False,0.021045761182904243,,,k4_envelope_not_measured_for_pair,,,,
276,1.327309250831604,0.00020074528583791107,0.0002521574206184596,5.141213478054851e-05,862,399,False,0.00020074528583791107,False,0.0002521574206184596,,,k4_envelope_not_measured_for_pair,,,,
277,4.764896869659424,0.00020319392206147313,0.1972978115081787,0.19709461758611724,728,324,False,0.00020319392206147313,False,0.1972978115081787,,,k4_envelope_not_measured_for_pair,,,,
278,3.8862054347991943,0.00021134251437615603,0.0006298838998191059,0.00041854138544294983,741,390,False,0.00021134251437615603,False,0.0006298838998191059,,,k4_envelope_not_measured_for_pair,,,,
279,3.184220314025879,0.0009200663189403713,0.031107455492019653,0.030187389173079282,940,433,False,0.0009200663189403713,False,0.031107455492019653,,,k4_envelope_not_measured_for_pair,,,,
280,3.354879379272461,0.00046337407547980547,0.1417556256055832,0.14129225153010339,948,425,False,0.00046337407547980547,False,0.1417556256055832,,,k4_envelope_not_measured_for_pair,,,,
281,0.6634014248847961,0.0006024757749401033,0.01038359198719263,0.009781116212252527,965,544,False,0.0006024757749401033,False,0.01038359198719263,,,k4_envelope_not_measured_for_pair,,,,
282,0.5674000382423401,0.00034914235584437847,0.02972937561571598,0.029380233259871602,865,518,False,0.00034914235584437847,False,0.02972937561571598,,,k4_envelope_not_measured_for_pair,,,,
283,2.4471657276153564,0.000768981350120157,0.009031540714204311,0.008262559364084154,747,386,False,0.000768981350120157,False,0.009031540714204311,,,k4_envelope_not_measured_for_pair,,,,
284,8.901545524597168,0.0011600544676184654,0.003573104739189148,0.0024130502715706825,1049,590,False,0.0011600544676184654,False,0.003573104739189148,,,k4_envelope_not_measured_for_pair,,,,
285,3.453209161758423,0.0006859087734483182,0.039483364671468735,0.038797455898020416,873,420,False,0.0006859087734483182,False,0.039483364671468735,,,k4_envelope_not_measured_for_pair,,,,
286,0.2399449199438095,0.0003771915507968515,0.00298162829130888,0.0026044367405120283,779,385,False,0.0003771915507968515,False,0.00298162829130888,,,k4_envelope_not_measured_for_pair,,,,
287,2.1772191524505615,7.202194683486596e-05,0.0005284803337417543,0.00045645838690688834,860,443,False,7.202194683486596e-05,False,0.0005284803337417543,,,k4_envelope_not_measured_for_pair,,,,
288,18.079286575317383,0.00024522223975509405,0.09173379093408585,0.09148856869433075,911,470,False,0.00024522223975509405,False,0.09173379093408585,,,k4_envelope_not_measured_for_pair,,,,
289,8.608851432800293,0.0020752318669110537,0.009941616095602512,0.007866384228691459,945,575,False,0.0020752318669110537,False,0.009941616095602512,,,k4_envelope_not_measured_for_pair,,,,
290,0.4614773690700531,0.0009587763343006372,0.09615027904510498,0.09519150271080434,888,379,False,0.0009587763343006372,False,0.09615027904510498,,,k4_envelope_not_measured_for_pair,,,,
291,0.16520048677921295,0.00038433659938164055,0.00694926967844367,0.00656493307906203,951,505,False,0.00038433659938164055,False,0.00694926967844367,,,k4_envelope_not_measured_for_pair,,,,
292,71.0923080444336,0.00016570133448112756,0.07103698700666428,0.07087128567218315,787,444,False,0.00016570133448112756,False,0.07103698700666428,,,k4_envelope_not_measured_for_pair,,,,
293,38.825626373291016,0.00012703622633125633,0.010066105052828789,0.009939068826497532,983,398,False,0.00012703622633125633,False,0.010066105052828789,,,k4_envelope_not_measured_for_pair,,,,
294,33.345890045166016,0.000273884303169325,0.0002544659364502877,-1.9418366719037294e-05,792,425,False,0.000273884303169325,False,0.0002544659364502877,,,k4_envelope_not_measured_for_pair,,,,
295,6.89323091506958,0.0003212552110198885,0.03301713988184929,0.0326958846708294,1002,372,False,0.0003212552110198885,False,0.03301713988184929,,,k4_envelope_not_measured_for_pair,,,,
296,0.05033477768301964,0.00040392205119132996,0.0005102328141219914,0.00010631076293066144,924,445,False,0.00040392205119132996,False,0.0005102328141219914,,,k4_envelope_not_measured_for_pair,,,,
297,31.14125633239746,0.0003347572928760201,0.0028029915411025286,0.0024682342482265085,823,405,False,0.0003347572928760201,False,0.0028029915411025286,,,k4_envelope_not_measured_for_pair,,,,
298,5.2261223793029785,0.0002669389359652996,0.0007494953460991383,0.00048255641013383865,923,354,False,0.0002669389359652996,False,0.0007494953460991383,,,k4_envelope_not_measured_for_pair,,,,
299,162.07289123535156,0.0006037513958290219,0.6309376358985901,0.6303338845027611,938,438,False,0.0006037513958290219,False,0.6309376358985901,,,k4_envelope_not_measured_for_pair,,,,
300,0.17961078882217407,0.00117446668446064,0.20982082188129425,0.2086463551968336,876,403,False,0.00117446668446064,False,0.20982082188129425,,,k4_envelope_not_measured_for_pair,,,,
301,43.12058639526367,0.0010734469396993518,0.07489914447069168,0.07382569753099233,818,422,False,0.0010734469396993518,False,0.07489914447069168,,,k4_envelope_not_measured_for_pair,,,,
302,0.4123120605945587,0.0008543561561964452,0.014689206145703793,0.013834849989507347,1078,571,False,0.0008543561561964452,False,0.014689206145703793,,,k4_envelope_not_measured_for_pair,,,,
303,141.37197875976562,0.0004420291224960238,0.9549159407615662,0.9544739116390701,806,406,False,0.0004420291224960238,False,0.9549159407615662,,,k4_envelope_not_measured_for_pair,,,,
304,135.4481658935547,0.0010014204308390617,0.737794816493988,0.736793396063149,851,411,False,0.0010014204308390617,False,0.737794816493988,,,k4_envelope_not_measured_for_pair,,,,
305,2.061392068862915,0.0009702419047243893,0.15016552805900574,0.14919528615428135,1025,468,False,0.0009702419047243893,False,0.15016552805900574,,,k4_envelope_not_measured_for_pair,,,,
306,13.381424903869629,0.00015798523963894695,0.4040822982788086,0.40392431303916965,956,512,False,0.00015798523963894695,False,0.4040822982788086,,,k4_envelope_not_measured_for_pair,,,,
307,4.091686725616455,0.0009939189767464995,0.023488787934184074,0.022494868957437575,965,470,False,0.0009939189767464995,False,0.023488787934184074,,,k4_envelope_not_measured_for_pair,,,,
308,3.4904918670654297,0.0006443228921853006,0.0033679271582514048,0.002723604266066104,802,364,False,0.0006443228921853006,False,0.0033679271582514048,,,k4_envelope_not_measured_for_pair,,,,
309,35.31587600708008,0.0009283375111408532,0.00910182949155569,0.008173491980414838,782,358,False,0.0009283375111408532,False,0.00910182949155569,,,k4_envelope_not_measured_for_pair,,,,
310,3.9956624507904053,0.0013590281596407294,0.043379414826631546,0.04202038666699082,953,443,False,0.0013590281596407294,False,0.043379414826631546,,,k4_envelope_not_measured_for_pair,,,,
311,47.81547927856445,0.00039385122363455594,0.04481078311800957,0.04441693189437501,974,426,False,0.00039385122363455594,False,0.04481078311800957,,,k4_envelope_not_measured_for_pair,,,,
312,161.32786560058594,0.00035294005647301674,0.11507215350866318,0.11471921345219016,964,494,False,0.00035294005647301674,False,0.11507215350866318,,,k4_envelope_not_measured_for_pair,,,,
313,82.51705169677734,0.0009183771326206625,0.05183769762516022,0.050919320492539555,809,405,False,0.0009183771326206625,False,0.05183769762516022,,,k4_envelope_not_measured_for_pair,,,,
314,9.550536155700684,0.00030291121220216155,0.005059877876192331,0.00475696666399017,905,398,False,0.00030291121220216155,False,0.005059877876192331,,,k4_envelope_not_measured_for_pair,,,,
315,0.07901675999164581,0.0016215372597798705,0.032424524426460266,0.030802987166680396,1090,508,False,0.0016215372597798705,False,0.032424524426460266,,,k4_envelope_not_measured_for_pair,,,,
316,12.307655334472656,0.0004635470686480403,0.06578605622053146,0.06532250915188342,1053,542,False,0.0004635470686480403,False,0.06578605622053146,,,k4_envelope_not_measured_for_pair,,,,
317,2.2105846405029297,0.0008215444977395236,0.033877719193696976,0.03305617469595745,1110,561,False,0.0008215444977395236,False,0.033877719193696976,,,k4_envelope_not_measured_for_pair,,,,
318,7.917581081390381,0.00043178044143132865,0.000687197782099247,0.0002554173406679183,1072,582,False,0.00043178044143132865,False,0.000687197782099247,,,k4_envelope_not_measured_for_pair,,,,
319,15.093596458435059,0.0004035108722746372,0.06984736025333405,0.06944384938105941,1052,543,False,0.0004035108722746372,False,0.06984736025333405,,,k4_envelope_not_measured_for_pair,,,,
320,2.883280038833618,0.0003431290097068995,0.5568558573722839,0.556512728362577,918,482,False,0.0003431290097068995,False,0.5568558573722839,,,k4_envelope_not_measured_for_pair,,,,
321,164.60812377929688,0.0017586640315130353,0.007938021793961525,0.00617935776244849,966,533,False,0.0017586640315130353,False,0.007938021793961525,,,k4_envelope_not_measured_for_pair,,,,
322,176.1837921142578,0.0009937171125784516,0.0031117687467485666,0.002118051634170115,813,420,False,0.0009937171125784516,False,0.0031117687467485666,,,k4_envelope_not_measured_for_pair,,,,
323,4.576345920562744,0.0008776578470133245,0.0670638307929039,0.06618617294589058,870,413,False,0.0008776578470133245,False,0.0670638307929039,,,k4_envelope_not_measured_for_pair,,,,
324,7.944805145263672,0.0008461556280963123,0.13477475941181183,0.13392860378371552,888,404,False,0.0008461556280963123,False,0.13477475941181183,,,k4_envelope_not_measured_for_pair,,,,
325,1.1244670152664185,0.0006806938326917589,0.0008381916559301317,0.0001574978232383728,996,495,False,0.0006806938326917589,False,0.0008381916559301317,,,k4_envelope_not_measured_for_pair,,,,
326,0.7331101298332214,0.0005586848710663617,0.05326058343052864,0.05270189855946228,952,495,False,0.0005586848710663617,False,0.05326058343052864,,,k4_envelope_not_measured_for_pair,,,,
327,22.86712074279785,0.00032108358573168516,0.006599906831979752,0.006278823246248066,778,339,False,0.00032108358573168516,False,0.006599906831979752,,,k4_envelope_not_measured_for_pair,0.00038348519592545927,ext_b,,
328,0.7379035353660583,0.0009327156003564596,0.008943558670580387,0.008010843070223927,925,455,False,0.0009327156003564596,False,0.008943558670580387,,,k4_envelope_not_measured_for_pair,,,,
329,52.681209564208984,0.000793874089140445,0.07935789972543716,0.07856402563629672,875,459,False,0.000793874089140445,False,0.07935789972543716,,,k4_envelope_not_measured_for_pair,,,,
330,1.410781979560852,0.0006790888146497309,0.0015773647464811802,0.0008982759318314493,1109,512,False,0.0006790888146497309,False,0.0015773647464811802,,,k4_envelope_not_measured_for_pair,,,,
331,1.0323562622070312,0.0004240693524479866,0.0013484763912856579,0.0009244070388376713,824,464,False,0.0004240693524479866,False,0.0013484763912856579,,,k4_envelope_not_measured_for_pair,,,,
332,174.9534912109375,0.0002614304539747536,0.1827685385942459,0.18250710814027116,868,490,False,0.0002614304539747536,False,0.1827685385942459,,,k4_envelope_not_measured_for_pair,,,,
333,60.177181243896484,0.00032494941842742264,0.02285597287118435,0.022531023452756926,709,460,False,0.00032494941842742264,False,0.02285597287118435,,,k4_envelope_not_measured_for_pair,,,,
334,6.189596652984619,0.00022295549570117146,0.2588476538658142,0.25862469837011304,978,485,False,0.00022295549570117146,False,0.2588476538658142,,,k4_envelope_not_measured_for_pair,,,,
335,0.4632314145565033,0.00047612495836801827,0.0005402881652116776,6.416320684365928e-05,928,485,False,0.00047612495836801827,False,0.0005402881652116776,,,k4_envelope_not_measured_for_pair,,,,
336,15.262154579162598,0.001253719674423337,0.12636123597621918,0.12510751630179584,796,387,False,0.001253719674423337,False,0.12636123597621918,,,k4_envelope_not_measured_for_pair,,,,
337,151.7115020751953,0.000282310793409124,1.5581575632095337,1.5578752524161246,693,338,False,0.000282310793409124,False,1.5581575632095337,,,k4_envelope_not_measured_for_pair,,,,
338,6.419986724853516,0.0003815866948571056,0.002780553186312318,0.0023989664914552122,773,383,False,0.0003815866948571056,False,0.002780553186312318,,,k4_envelope_not_measured_for_pair,,,,
339,10.521137237548828,0.00026044718106277287,0.023538654670119286,0.023278207489056513,841,548,False,0.00026044718106277287,False,0.023538654670119286,,,k4_envelope_not_measured_for_pair,,,,
340,0.769021213054657,0.00026879398501478136,0.0009573910501785576,0.0006885970651637763,782,397,False,0.00026879398501478136,False,0.0009573910501785576,,,k4_envelope_not_measured_for_pair,,,,
341,50.859283447265625,0.00028586536063812673,0.07351414859294891,0.07322828323231079,939,402,False,0.00028586536063812673,False,0.07351414859294891,,,k4_envelope_not_measured_for_pair,,,,
342,0.7629663348197937,1.4458836631092709e-05,0.001996417995542288,0.001981959158911195,959,454,False,1.4458836631092709e-05,False,0.001996417995542288,0.0005458751111291349,0.19672655888964188,within_k4_envelope_measured,,,,
343,33.53452682495117,5.32825943082571e-05,0.024479037150740623,0.024425754556432366,827,394,False,5.32825943082571e-05,False,0.024479037150740623,,,k4_envelope_not_measured_for_pair,,,,
344,28.669395446777344,0.00025190311134792864,0.012089136056602001,0.011837232945254073,807,359,False,0.00025190311134792864,False,0.012089136056602001,,,k4_envelope_not_measured_for_pair,,,,
345,23.167238235473633,0.0006627209950238466,0.003108365461230278,0.0024456444662064314,779,378,False,0.0006627209950238466,False,0.003108365461230278,,,k4_envelope_not_measured_for_pair,,,,
346,14.872485160827637,8.039747626753524e-05,0.01621468923985958,0.016134291763592046,786,333,False,8.039747626753524e-05,False,0.01621468923985958,,,k4_envelope_not_measured_for_pair,,,,
347,0.2100222259759903,0.0005679805180989206,0.0008099257829599082,0.00024194526486098766,928,463,False,0.0005679805180989206,False,0.0008099257829599082,,,k4_envelope_not_measured_for_pair,,,,
348,0.591854453086853,0.0004915748722851276,0.006016333121806383,0.0055247582495212555,898,449,False,0.0004915748722851276,False,0.006016333121806383,,,k4_envelope_not_measured_for_pair,,,,
349,8.961104393005371,0.000300292536849156,0.047112688422203064,0.04681239588535391,826,400,False,0.000300292536849156,False,0.047112688422203064,,,k4_envelope_not_measured_for_pair,,,,
350,52.85072708129883,0.00018366823496762663,0.4198264181613922,0.4196427499264246,763,391,False,0.00018366823496762663,False,0.4198264181613922,,,k4_envelope_not_measured_for_pair,,,,
351,0.8751494884490967,0.0007892565336078405,0.07298813760280609,0.07219888106919825,710,365,False,0.0007892565336078405,False,0.07298813760280609,,,k4_envelope_not_measured_for_pair,,,,
352,31.333574295043945,0.0002645312633831054,0.04969506338238716,0.049430532119004056,940,519,False,0.0002645312633831054,False,0.04969506338238716,,,k4_envelope_not_measured_for_pair,,,,
353,1.2968276739120483,0.0005705087096430361,0.012363285757601261,0.011792777047958225,756,304,False,0.0005705087096430361,False,0.012363285757601261,,,k4_envelope_not_measured_for_pair,,,,
354,51.326473236083984,0.0002343937667319551,0.554725706577301,0.5544913128105691,800,356,False,0.0002343937667319551,False,0.554725706577301,,,k4_envelope_not_measured_for_pair,,,,
355,4.562114715576172,0.00030026710010133684,0.014278989285230637,0.0139787221851293,809,391,False,0.00030026710010133684,False,0.014278989285230637,,,k4_envelope_not_measured_for_pair,,,,
356,120.45392608642578,0.00012642053479794413,0.0769345834851265,0.07680816295032855,818,459,False,0.00012642053479794413,False,0.0769345834851265,,,k4_envelope_not_measured_for_pair,,,,
357,5.747514724731445,0.00019025125948246568,0.014698603190481663,0.014508351930999197,989,423,False,0.00019025125948246568,False,0.014698603190481663,,,k4_envelope_not_measured_for_pair,,,,
358,3.944208860397339,0.0005975443636998534,0.05418172478675842,0.05358418042305857,854,394,False,0.0005975443636998534,False,0.05418172478675842,,,k4_envelope_not_measured_for_pair,,,,
359,3.9400689601898193,0.0010634370846673846,0.015547356568276882,0.014483919483609498,833,435,False,0.0010634370846673846,False,0.015547356568276882,,,k4_envelope_not_measured_for_pair,,,,
360,90.41265869140625,0.0005369758000597358,0.020184332504868507,0.01964735670480877,872,358,False,0.0005369758000597358,False,0.020184332504868507,,,k4_envelope_not_measured_for_pair,,,,
361,154.6687774658203,4.128633008804172e-05,0.062474459409713745,0.0624331730796257,848,445,False,4.128633008804172e-05,False,0.062474459409713745,,,k4_envelope_not_measured_for_pair,,,,
362,38.7131233215332,0.0001171193944173865,0.736929178237915,0.7368120588434977,903,408,False,0.0001171193944173865,False,0.736929178237915,,,k4_envelope_not_measured_for_pair,,,,
363,148.23687744140625,0.00032586054294370115,0.3475698232650757,0.347243962722132,776,382,False,0.00032586054294370115,False,0.3475698232650757,,,k4_envelope_not_measured_for_pair,,,,
364,30.202096939086914,0.0004674269584938884,0.05236518755555153,0.05189776059705764,716,468,False,0.0004674269584938884,False,0.05236518755555153,,,k4_envelope_not_measured_for_pair,,,,
365,15.25415325164795,0.0009897559648379683,0.0638158917427063,0.06282613577786833,736,374,False,0.0009897559648379683,False,0.0638158917427063,,,k4_envelope_not_measured_for_pair,,,,
366,5.171971797943115,0.00018893212836701423,0.019737521186470985,0.01954858905810397,958,469,False,0.00018893212836701423,False,0.019737521186470985,,,k4_envelope_not_measured_for_pair,,,,
367,3.926643133163452,0.0008915041107684374,0.06021304056048393,0.059321536449715495,924,407,False,0.0008915041107684374,False,0.06021304056048393,,,k4_envelope_not_measured_for_pair,,,,
368,59.811859130859375,0.0009082222240976989,0.018304722383618355,0.017396500159520656,796,371,False,0.0009082222240976989,False,0.018304722383618355,,,k4_envelope_not_measured_for_pair,,,,
369,5.752943515777588,0.001347710844129324,0.21712273359298706,0.21577502274885774,746,411,False,0.001347710844129324,False,0.21712273359298706,,,k4_envelope_not_measured_for_pair,,,,
370,133.7355194091797,0.0008135400130413473,0.10228527337312698,0.10147173336008564,863,536,False,0.0008135400130413473,False,0.10228527337312698,,,k4_envelope_not_measured_for_pair,,,,
371,127.81292724609375,0.0009850496426224709,0.4811185300350189,0.48013348039239645,990,449,False,0.0009850496426224709,False,0.4811185300350189,,,k4_envelope_not_measured_for_pair,,,,
372,119.18924713134766,0.0005996193503960967,0.009210227988660336,0.008610608638264239,919,357,False,0.0005996193503960967,False,0.009210227988660336,,,k4_envelope_not_measured_for_pair,,,,
373,34.53266906738281,0.001065080869011581,0.08321861922740936,0.08215353835839778,922,553,False,0.001065080869011581,False,0.08321861922740936,,,k4_envelope_not_measured_for_pair,,,,
374,111.6488037109375,0.00016912480350583792,0.0004957816563546658,0.00032665685284882784,738,398,False,0.00016912480350583792,False,0.0004957816563546658,,,k4_envelope_not_measured_for_pair,,,,
375,149.1630401611328,0.0003833510272670537,0.04490160569548607,0.044518254668219015,808,358,False,0.0003833510272670537,False,0.04490160569548607,,,k4_envelope_not_measured_for_pair,,,,
376,32.82884216308594,0.0011571506038308144,0.02287064492702484,0.021713494323194027,935,413,False,0.0011571506038308144,False,0.02287064492702484,,,k4_envelope_not_measured_for_pair,,,,
377,1.729211688041687,0.00035654858220368624,0.022216809913516045,0.02186026133131236,778,390,False,0.00035654858220368624,False,0.022216809913516045,,,k4_envelope_not_measured_for_pair,,,,
378,98.4813003540039,0.001461583306081593,0.04054811969399452,0.03908653638791293,823,468,False,0.001461583306081593,False,0.04054811969399452,,,k4_envelope_not_measured_for_pair,,,,
379,136.09645080566406,0.00044516168418340385,0.2435389757156372,0.2430938140314538,966,559,False,0.00044516168418340385,False,0.2435389757156372,,,k4_envelope_not_measured_for_pair,,,,
380,41.82167053222656,9.834643424255773e-05,0.02009911648929119,0.020000770055048633,827,416,False,9.834643424255773e-05,False,0.02009911648929119,,,k4_envelope_not_measured_for_pair,,,,
381,3.0823261737823486,0.00048259610775858164,0.03644857555627823,0.03596597944851965,848,475,False,0.00048259610775858164,False,0.03644857555627823,,,k4_envelope_not_measured_for_pair,,,,
382,1.5795246362686157,0.0006394307711161673,0.0029587543103843927,0.0023193235392682254,696,365,False,0.0006394307711161673,False,0.0029587543103843927,,,k4_envelope_not_measured_for_pair,,,,
383,47.808040618896484,0.00012433451774995774,0.8973492980003357,0.8972249634825857,936,358,False,0.00012433451774995774,False,0.8973492980003357,,,k4_envelope_not_measured_for_pair,,,,
384,147.1743621826172,0.0002454288478475064,0.021324532106518745,0.02107910325867124,882,422,False,0.0002454288478475064,False,0.021324532106518745,,,k4_envelope_not_measured_for_pair,,,,
385,7.124409198760986,0.0009184153168462217,0.045720186084508896,0.044801770767662674,980,475,False,0.0009184153168462217,False,0.045720186084508896,,,k4_envelope_not_measured_for_pair,,,,
386,0.44464239478111267,0.0006343723507598042,0.03791171684861183,0.03727734449785203,822,353,False,0.0006343723507598042,False,0.03791171684861183,,,k4_envelope_not_measured_for_pair,,,,
387,7.119638919830322,0.0014906576834619045,0.02894529514014721,0.027454637456685305,834,369,False,0.0014906576834619045,False,0.02894529514014721,,,k4_envelope_not_measured_for_pair,,,,
388,149.2264862060547,0.00039517079130746424,0.001573622110299766,0.0011784513189923018,942,417,False,0.00039517079130746424,False,0.001573622110299766,,,k4_envelope_not_measured_for_pair,,,,
389,24.514787673950195,0.0002803815295919776,0.006633981596678495,0.006353600067086518,844,421,False,0.0002803815295919776,False,0.006633981596678495,,,k4_envelope_not_measured_for_pair,,,,
390,81.7347640991211,0.0004547074204310775,0.3342449367046356,0.33379022928420454,910,357,False,0.0004547074204310775,False,0.3342449367046356,,,k4_envelope_not_measured_for_pair,,,,
391,157.3153839111328,0.0027309490833431482,0.5645778775215149,0.5618469284381717,954,432,False,0.0027309490833431482,False,0.5645778775215149,,,k4_envelope_not_measured_for_pair,,,,
392,9.395562171936035,0.0001854885631473735,0.0005311280256137252,0.0003456394624663517,931,533,False,0.0001854885631473735,False,0.0005311280256137252,,,k4_envelope_not_measured_for_pair,,,,
393,27.652061462402344,0.00010954013123409823,0.11447187513113022,0.11436233499989612,785,342,False,0.00010954013123409823,False,0.11447187513113022,,,k4_envelope_not_measured_for_pair,,,,
394,90.4808349609375,0.00010339612344978377,0.0008649338851682842,0.0007615377617185004,945,419,False,0.00010339612344978377,False,0.0008649338851682842,,,k4_envelope_not_measured_for_pair,,,,
395,0.5700290203094482,0.000917169323656708,0.012650134973227978,0.01173296564957127,888,465,False,0.000917169323656708,False,0.012650134973227978,,,k4_envelope_not_measured_for_pair,,,,
396,0.8390255570411682,0.0018438189290463924,0.011195034720003605,0.009351215790957212,827,416,False,0.0018438189290463924,False,0.011195034720003605,,,k4_envelope_not_measured_for_pair,,,,
397,34.16633987426758,0.00022111211728770286,0.0035597747191786766,0.0033386626018909737,923,536,False,0.00022111211728770286,False,0.0035597747191786766,,,k4_envelope_not_measured_for_pair,,,,
398,29.72296142578125,0.00025972866569645703,0.0006724009290337563,0.00041267226333729923,903,364,False,0.00025972866569645703,False,0.0006724009290337563,,,k4_envelope_not_measured_for_pair,,,,
399,0.2209845632314682,0.0006771527114324272,0.009871161542832851,0.009194008831400424,1093,613,False,0.0006771527114324272,False,0.009871161542832851,,,k4_envelope_not_measured_for_pair,,,,
400,1.6516051292419434,0.0004342511238064617,0.02317674458026886,0.022742493456462398,906,402,False,0.0004342511238064617,False,0.02317674458026886,,,k4_envelope_not_measured_for_pair,,,,
401,3.43261456489563,0.0008285643998533487,0.08388978242874146,0.0830612180288881,873,434,False,0.0008285643998533487,False,0.08388978242874146,,,k4_envelope_not_measured_for_pair,,,,
402,55.63564682006836,0.00033096803235821426,0.026287727057933807,0.025956759025575593,885,396,False,0.00033096803235821426,False,0.026287727057933807,,,k4_envelope_not_measured_for_pair,,,,
403,51.36703872680664,0.0002658836601767689,0.011174376122653484,0.010908492462476715,877,354,False,0.0002658836601767689,False,0.011174376122653484,,,k4_envelope_not_measured_for_pair,,,,
404,39.08400344848633,0.0011492078192532063,6.199947357177734,6.198798149358481,830,418,False,0.0011492078192532063,False,6.199947357177734,,,k4_envelope_not_measured_for_pair,,,,
405,142.4759521484375,0.00025269799516536295,0.012536241672933102,0.012283543677767739,863,522,False,0.00025269799516536295,False,0.012536241672933102,,,k4_envelope_not_measured_for_pair,,,,
406,1.8326635360717773,0.0012998522724956274,0.03288153186440468,0.03158167959190905,1028,442,False,0.0012998522724956274,False,0.03288153186440468,,,k4_envelope_not_measured_for_pair,0.0008468940504826605,ext_a,,
407,0.46547481417655945,0.0003162370703648776,0.01631299965083599,0.015996762580471113,953,468,False,0.0003162370703648776,False,0.01631299965083599,,,k4_envelope_not_measured_for_pair,,,,
408,2.4933559894561768,0.0011153218802064657,0.0012148477835580707,9.952590335160494e-05,1113,547,False,0.0011153218802064657,False,0.0012148477835580707,,,k4_envelope_not_measured_for_pair,,,,
409,0.00932158064097166,0.0010988928843289614,0.24138177931308746,0.2402828864287585,1005,398,False,0.0010988928843289614,False,0.24138177931308746,,,k4_envelope_not_measured_for_pair,,,,
410,99.15666961669922,0.0006473998073488474,0.02137022279202938,0.020722822984680533,988,403,False,0.0006473998073488474,False,0.02137022279202938,,,k4_envelope_not_measured_for_pair,,,,
411,146.78103637695312,0.001142296358011663,0.4425094425678253,0.44136714620981365,975,410,False,0.001142296358011663,False,0.4425094425678253,,,k4_envelope_not_measured_for_pair,,,,
412,0.5951646566390991,0.001041741343215108,0.0035757252480834723,0.0025339839048683643,713,351,False,0.001041741343215108,False,0.0035757252480834723,,,k4_envelope_not_measured_for_pair,,,,
413,0.9384410977363586,0.0011836440535262227,0.0032965608406811953,0.0021129167871549726,852,379,False,0.0011836440535262227,False,0.0032965608406811953,,,k4_envelope_not_measured_for_pair,,,,
414,0.22943617403507233,0.0007952434825710952,0.008959292434155941,0.008164048951584846,870,482,False,0.0007952434825710952,False,0.008959292434155941,,,k4_envelope_not_measured_for_pair,0.0003647583071142435,ext_a,,
415,20.073694229125977,0.00042352042510174215,0.2682325839996338,0.26780906357453205,880,501,False,0.00042352042510174215,False,0.2682325839996338,,,k4_envelope_not_measured_for_pair,,,,
416,0.5564581751823425,0.00010875932639464736,0.6150388121604919,0.6149300528340973,819,479,False,0.00010875932639464736,False,0.6150388121604919,,,k4_envelope_not_measured_for_pair,,,,
417,1.1562919616699219,0.0002904950233642012,0.11021675914525986,0.10992626412189566,1151,554,False,0.0002904950233642012,False,0.11021675914525986,,,k4_envelope_not_measured_for_pair,,,,
418,19.163637161254883,0.0013051104033365846,0.011222551576793194,0.00991744117345661,1037,483,False,0.0013051104033365846,False,0.011222551576793194,,,k4_envelope_not_measured_for_pair,,,,
419,1.7168364524841309,0.0005666330689564347,0.04620657488703728,0.04563994181808084,894,449,False,0.0005666330689564347,False,0.04620657488703728,,,k4_envelope_not_measured_for_pair,,,,
420,155.75509643554688,0.0018356508808210492,0.6228163838386536,0.6209807329578325,1117,521,False,0.0018356508808210492,False,0.6228163838386536,,,k4_envelope_not_measured_for_pair,0.0015233095036819577,ext_b,,
421,1.0658494234085083,0.001632892177440226,0.08108234405517578,0.07944945187773556,832,373,False,0.001632892177440226,False,0.08108234405517578,,,k4_envelope_not_measured_for_pair,,,,
422,93.36052703857422,0.001032623345963657,7.441520690917969,7.440488067572005,920,438,False,0.001032623345963657,False,7.441520690917969,,,k4_envelope_not_measured_for_pair,,,,
423,0.6454445719718933,0.0018699754728004336,0.014182079583406448,0.012312104110606015,893,461,False,0.0018699754728004336,False,0.014182079583406448,,,k4_envelope_not_measured_for_pair,,,,
424,151.2486114501953,0.0014336922904476523,0.24853289127349854,0.24709919898305088,764,379,False,0.0014336922904476523,False,0.24853289127349854,,,k4_envelope_not_measured_for_pair,,,,
425,1.6599630117416382,0.0013698120601475239,0.2159052938222885,0.214535481762141,719,346,False,0.0013698120601475239,False,0.2159052938222885,,,k4_envelope_not_measured_for_pair,,,,
426,55.0409049987793,0.001578354393132031,0.002691105240955949,0.0011127508478239179,833,456,False,0.001578354393132031,False,0.002691105240955949,,,k4_envelope_not_measured_for_pair,,,,
427,94.33283233642578,0.0011623094324022532,0.16194932162761688,0.16078701219521463,897,504,False,0.0011623094324022532,False,0.16194932162761688,,,k4_envelope_not_measured_for_pair,,,,
428,153.87503051757812,0.00048342885565944016,0.2845156788825989,0.28403225002693944,977,532,False,0.00048342885565944016,False,0.2845156788825989,,,k4_envelope_not_measured_for_pair,0.0004417354066390544,ext_b,,
429,1.1918857097625732,0.0016084583476185799,0.013211729936301708,0.011603271588683128,912,488,False,0.0016084583476185799,False,0.013211729936301708,,,k4_envelope_not_measured_for_pair,,,,
430,132.32627868652344,0.0013081446522846818,0.08143524080514908,0.0801270961528644,822,439,False,0.0013081446522846818,False,0.08143524080514908,,,k4_envelope_not_measured_for_pair,,,,
431,153.08583068847656,0.0008937764796428382,0.29600992798805237,0.29511615150840953,868,460,False,0.0008937764796428382,False,0.29600992798805237,,,k4_envelope_not_measured_for_pair,,,,
432,0.25178420543670654,0.0008599183056503534,0.04372037574648857,0.04286045744083822,967,516,False,0.0008599183056503534,False,0.04372037574648857,,,k4_envelope_not_measured_for_pair,,,,
433,27.405813217163086,0.0009244160610251129,0.004640638362616301,0.0037162223015911877,800,327,False,0.0009244160610251129,False,0.004640638362616301,,,k4_envelope_not_measured_for_pair,,,,
434,159.41343688964844,0.0014075724175199866,0.05695424973964691,0.055546677322126925,910,374,False,0.0014075724175199866,False,0.05695424973964691,,,k4_envelope_not_measured_for_pair,,,,
435,2.1198935508728027,0.0020054520573467016,0.5190660953521729,0.5170606432948261,821,418,False,0.0020054520573467016,False,0.5190660953521729,,,k4_envelope_not_measured_for_pair,,,,
436,144.1730194091797,0.0007198883686214685,0.08883578330278397,0.0881158949341625,819,418,False,0.0007198883686214685,False,0.08883578330278397,,,k4_envelope_not_measured_for_pair,,,,
437,3.4101057052612305,0.0009650734136812389,0.002428783569484949,0.0014637101558037102,809,371,False,0.0009650734136812389,False,0.002428783569484949,,,k4_envelope_not_measured_for_pair,,,,
438,154.67276000976562,0.00047972306492738426,0.2928532361984253,0.2923735131334979,1055,450,False,0.00047972306492738426,False,0.2928532361984253,,,k4_envelope_not_measured_for_pair,,,,
439,26.798131942749023,0.001189546543173492,0.4057881534099579,0.4045986068667844,869,409,False,0.001189546543173492,False,0.4057881534099579,,,k4_envelope_not_measured_for_pair,,,,
440,78.2122802734375,0.001335509936325252,0.005737041588872671,0.004401531652547419,1197,448,False,0.001335509936325252,False,0.005737041588872671,,,k4_envelope_not_measured_for_pair,,,,
441,3.7894370555877686,0.0021098461002111435,0.002996755763888359,0.0008869096636772156,930,495,False,0.0021098461002111435,False,0.002996755763888359,,,k4_envelope_not_measured_for_pair,0.001395488972775638,ext_a,,
442,5.371965408325195,0.0009329102467745543,0.0008225443889386952,-0.00011036585783585906,1241,511,False,0.0009329102467745543,False,0.0008225443889386952,,,k4_envelope_not_measured_for_pair,,,,
443,2.901414155960083,0.0017102346755564213,0.011944408528506756,0.010234173852950335,889,479,False,0.0017102346755564213,False,0.011944408528506756,,,k4_envelope_not_measured_for_pair,,,,
444,1.0873626470565796,0.0012157873716205359,0.06230565533041954,0.061089867958799005,865,362,False,0.0012157873716205359,False,0.06230565533041954,,,k4_envelope_not_measured_for_pair,,,,
445,169.09979248046875,0.001295599271543324,0.004712346475571394,0.00341674720402807,1025,677,False,0.001295599271543324,False,0.004712346475571394,,,k4_envelope_not_measured_for_pair,,,,
446,179.61376953125,0.001196570578031242,5.342955112457275,5.341758541879244,1009,596,False,0.001196570578031242,False,5.342955112457275,,,k4_envelope_not_measured_for_pair,,,,
447,151.4512939453125,0.0005746444803662598,6.016050338745117,6.015475694264751,878,378,False,0.0005746444803662598,False,6.016050338745117,,,k4_envelope_not_measured_for_pair,,,,
448,93.75094604492188,0.00025474364520050585,0.012998177669942379,0.012743434024741873,840,405,False,0.00025474364520050585,False,0.012998177669942379,,,k4_envelope_not_measured_for_pair,0.00048093069926835597,ext_b,,
449,2.8794686794281006,0.0007534734322689474,0.0008255247375927866,7.205130532383919e-05,1046,521,False,0.0007534734322689474,False,0.0008255247375927866,,,k4_envelope_not_measured_for_pair,,,,
450,125.30669403076172,0.0010953977471217513,0.013511798344552517,0.012416400597430766,970,405,False,0.0010953977471217513,False,0.013511798344552517,,,k4_envelope_not_measured_for_pair,,,,
451,35.44736099243164,0.001062331604771316,0.03449101373553276,0.033428682130761445,1042,614,False,0.001062331604771316,False,0.03449101373553276,,,k4_envelope_not_measured_for_pair,,,,
452,166.85183715820312,0.000492240593302995,0.1415972262620926,0.1411049856687896,1156,562,False,0.000492240593302995,False,0.1415972262620926,,,k4_envelope_not_measured_for_pair,,,,
453,4.363214015960693,0.00027216237504035234,0.05402732267975807,0.05375516030471772,977,420,False,0.00027216237504035234,False,0.05402732267975807,,,k4_envelope_not_measured_for_pair,,,,
454,4.094232559204102,0.00040685106068849564,0.007432426791638136,0.00702557573094964,1033,652,False,0.00040685106068849564,False,0.007432426791638136,,,k4_envelope_not_measured_for_pair,,,,
455,7.64007568359375,0.00036358204670250416,0.1673174351453781,0.1669538530986756,1003,453,False,0.00036358204670250416,False,0.1673174351453781,,,k4_envelope_not_measured_for_pair,,,,
456,2.7434940338134766,0.0014837506460025907,0.0038257993292063475,0.002342048683203757,999,540,False,0.0014837506460025907,False,0.0038257993292063475,,,k4_envelope_not_measured_for_pair,,,,
457,116.10823822021484,0.0005112536018714309,0.03831734135746956,0.03780608775559813,1064,485,False,0.0005112536018714309,False,0.03831734135746956,,,k4_envelope_not_measured_for_pair,,,,
458,1.2665685415267944,0.0002532731450628489,0.00648215739056468,0.006228884245501831,750,329,False,0.0002532731450628489,False,0.00648215739056468,,,k4_envelope_not_measured_for_pair,,,,
459,35.88930892944336,0.0002833589678630233,0.04037993773818016,0.04009657877031714,1093,573,False,0.0002833589678630233,False,0.04037993773818016,,,k4_envelope_not_measured_for_pair,,,,
460,4.577560901641846,0.000176430752617307,0.8738484382629395,0.8736720075103221,853,435,False,0.000176430752617307,False,0.8738484382629395,,,k4_envelope_not_measured_for_pair,0.00030307722045108676,ext_a,,
461,48.66763687133789,0.0007371174287982285,0.00299820420332253,0.0022610867745243013,1210,620,False,0.0007371174287982285,False,0.00299820420332253,,,k4_envelope_not_measured_for_pair,,,,
462,5.0762248039245605,0.00045340313226915896,0.07941160351037979,0.07895820037811063,980,433,False,0.00045340313226915896,False,0.07941160351037979,,,k4_envelope_not_measured_for_pair,,,,
463,4.458878993988037,7.13293775334023e-05,0.05880241096019745,0.058731081582664046,1230,631,False,7.13293775334023e-05,False,0.05880241096019745,,,k4_envelope_not_measured_for_pair,,,,
464,3.683093786239624,0.00034454974229447544,0.09138201922178268,0.09103746947948821,1070,679,False,0.00034454974229447544,False,0.09138201922178268,,,k4_envelope_not_measured_for_pair,,,,
465,98.0708236694336,0.00029971907497383654,0.03575711324810982,0.03545739417313598,1084,468,False,0.00029971907497383654,False,0.03575711324810982,,,k4_envelope_not_measured_for_pair,,,,
466,7.041774272918701,0.0004705336468759924,0.23220552504062653,0.23173499139375053,1145,535,False,0.0004705336468759924,False,0.23220552504062653,,,k4_envelope_not_measured_for_pair,,,,
467,125.23526763916016,9.352221240988001e-05,0.47159144282341003,0.47149792061100015,1345,547,False,9.352221240988001e-05,False,0.47159144282341003,,,k4_envelope_not_measured_for_pair,,,,
468,2.069767713546753,8.051782060647383e-05,0.11654451489448547,0.116463997073879,1094,534,False,8.051782060647383e-05,False,0.11654451489448547,,,k4_envelope_not_measured_for_pair,,,,
469,3.409038543701172,0.0005447724252007902,0.021438322961330414,0.020893550536129624,1093,556,False,0.0005447724252007902,False,0.021438322961330414,,,k4_envelope_not_measured_for_pair,,,,
470,28.597923278808594,6.0281556216068566e-05,0.21532107889652252,0.21526079734030645,1170,474,False,6.0281556216068566e-05,False,0.21532107889652252,,,k4_envelope_not_measured_for_pair,4.393548806547187e-05,ext_b,,
471,18.80814552307129,0.00020782944920938462,0.006009172182530165,0.00580134273332078,1238,614,False,0.00020782944920938462,False,0.006009172182530165,,,k4_envelope_not_measured_for_pair,,,,
472,1.6328309774398804,5.610269363387488e-05,0.002576487837359309,0.0025203851437254343,923,428,False,5.610269363387488e-05,False,0.002576487837359309,,,k4_envelope_not_measured_for_pair,,,,
473,25.874025344848633,2.7125659471494146e-05,0.038160182535648346,0.03813305687617685,1015,456,False,2.7125659471494146e-05,False,0.038160182535648346,,,k4_envelope_not_measured_for_pair,,,,
474,28.348833084106445,0.00021050659415777773,0.014014576561748981,0.013804069967591204,958,536,False,0.00021050659415777773,False,0.014014576561748981,,,k4_envelope_not_measured_for_pair,,,,
475,7.992490768432617,2.3869060896686278e-05,0.07011861354112625,0.07009474448022956,858,375,False,2.3869060896686278e-05,False,0.07011861354112625,,,k4_envelope_not_measured_for_pair,0.00012768075976055115,ext_a,,
476,0.011274979449808598,0.00036238948814570904,0.00038136914372444153,1.897965557873249e-05,1158,496,False,0.00036238948814570904,False,0.00038136914372444153,,,k4_envelope_not_measured_for_pair,,,,
477,9.314799308776855,0.00023655302356928587,0.0002362647937843576,-2.8822978492826223e-07,1071,503,False,0.00023655302356928587,False,0.0002362647937843576,,,k4_envelope_not_measured_for_pair,,,,
478,0.8415619730949402,0.00027426998713053763,0.22225768864154816,0.22198341865441762,1056,487,False,0.00027426998713053763,False,0.22225768864154816,,,k4_envelope_not_measured_for_pair,,,,
479,0.26971521973609924,0.00017480454698670655,0.09043923020362854,0.09026442565664183,1213,558,False,0.00017480454698670655,False,0.09043923020362854,,,k4_envelope_not_measured_for_pair,,,,
480,5.969493865966797,0.00034052133560180664,0.010725715197622776,0.01038519386202097,1076,446,False,0.00034052133560180664,False,0.010725715197622776,,,k4_envelope_not_measured_for_pair,,,,
481,148.68911743164062,0.0008590403595007956,0.04720871523022652,0.04634967487072572,1227,765,False,0.0008590403595007956,False,0.04720871523022652,,,k4_envelope_not_measured_for_pair,,,,
482,1.8505258560180664,0.0002019411331275478,0.037214264273643494,0.037012323140515946,950,479,False,0.0002019411331275478,False,0.037214264273643494,,,k4_envelope_not_measured_for_pair,,,,
483,110.36713409423828,0.00010409124661237001,0.5032276511192322,0.5031235598726198,1078,678,False,0.00010409124661237001,False,0.5032276511192322,,,k4_envelope_not_measured_for_pair,,,,
484,12.750393867492676,0.00042127410415560007,0.19546133279800415,0.19504005869384855,992,550,False,0.00042127410415560007,False,0.19546133279800415,,,k4_envelope_not_measured_for_pair,,,,
485,160.9817657470703,0.00060659134760499,1.0711480379104614,1.0705414465628564,1049,510,False,0.00060659134760499,False,1.0711480379104614,,,k4_envelope_not_measured_for_pair,,,,
486,4.066771030426025,0.00020012074674014002,0.023892946541309357,0.023692825794569217,1074,570,False,0.00020012074674014002,False,0.023892946541309357,,,k4_envelope_not_measured_for_pair,,,,
487,14.797859191894531,0.0005217873258516192,0.09161167591810226,0.09108988859225065,1021,493,False,0.0005217873258516192,False,0.09161167591810226,,,k4_envelope_not_measured_for_pair,,,,
488,0.046068962663412094,0.0003895778500009328,0.0156150097027421,0.015225431852741167,1162,585,False,0.0003895778500009328,False,0.0156150097027421,,,k4_envelope_not_measured_for_pair,,,,
489,1.7564568519592285,0.0002477756352163851,0.023273365572094917,0.023025589936878532,1219,566,False,0.0002477756352163851,False,0.023273365572094917,,,k4_envelope_not_measured_for_pair,,,,
490,2.2165515422821045,0.0018823608988896012,0.029763659462332726,0.027881298563443124,1069,467,False,0.0018823608988896012,False,0.029763659462332726,,,k4_envelope_not_measured_for_pair,,,,
491,24.067171096801758,0.0003580709162633866,0.057703256607055664,0.05734518569079228,1297,636,False,0.0003580709162633866,False,0.057703256607055664,,,k4_envelope_not_measured_for_pair,,,,
492,30.186216354370117,0.0004973589675500989,0.36823928356170654,0.36774192459415644,1346,597,False,0.0004973589675500989,False,0.36823928356170654,,,k4_envelope_not_measured_for_pair,,,,
493,1.097333550453186,0.00030352675821632147,0.03660784661769867,0.03630431985948235,1223,538,False,0.00030352675821632147,False,0.03660784661769867,,,k4_envelope_not_measured_for_pair,,,,
494,1.598533272743225,0.0005226624198257923,0.0006001449655741453,7.7482545748353e-05,1067,422,False,0.0005226624198257923,False,0.0006001449655741453,,,k4_envelope_not_measured_for_pair,,,,
495,1.0161556005477905,0.0003482151369098574,0.13471946120262146,0.1343712460657116,1247,628,False,0.0003482151369098574,False,0.13471946120262146,,,k4_envelope_not_measured_for_pair,,,,
496,5.720951557159424,0.001641891896724701,0.1337771713733673,0.1321352794766426,1225,590,False,0.001641891896724701,False,0.1337771713733673,,,k4_envelope_not_measured_for_pair,,,,
497,1.33416748046875,0.0008247762452811003,0.04279869794845581,0.04197392170317471,1080,563,False,0.0008247762452811003,False,0.04279869794845581,,,k4_envelope_not_measured_for_pair,,,,
498,20.276647567749023,0.00024084903998300433,0.0472138412296772,0.046972992189694196,1200,591,False,0.00024084903998300433,False,0.0472138412296772,,,k4_envelope_not_measured_for_pair,,,,
499,3.7132766246795654,0.0006466048653237522,0.051557350903749466,0.050910746038425714,1132,483,False,0.0006466048653237522,False,0.051557350903749466,,,k4_envelope_not_measured_for_pair,,,,
500,110.04998016357422,0.0006156233139336109,0.033385153859853745,0.032769530545920134,1160,575,False,0.0006156233139336109,False,0.033385153859853745,,,k4_envelope_not_measured_for_pair,0.001196394325233996,ext_b,,
501,29.452451705932617,0.0012005744501948357,0.08668944239616394,0.0854888679459691,1233,598,False,0.0012005744501948357,False,0.08668944239616394,,,k4_envelope_not_measured_for_pair,,,,
502,2.382128953933716,0.0005410550511442125,0.0015605116495862603,0.0010194565984420478,1212,601,False,0.0005410550511442125,False,0.0015605116495862603,,,k4_envelope_not_measured_for_pair,,,,
503,2.872499465942383,0.0003008808707818389,0.01578615978360176,0.015485278912819922,1192,509,False,0.0003008808707818389,False,0.01578615978360176,,,k4_envelope_not_measured_for_pair,,,,
504,3.0627634525299072,0.00032739187008701265,0.08456218242645264,0.08423479055636562,1168,577,False,0.00032739187008701265,False,0.08456218242645264,,,k4_envelope_not_measured_for_pair,,,,
505,13.735136985778809,0.0001233835646416992,0.003533269977197051,0.003409886412555352,1182,646,False,0.0001233835646416992,False,0.003533269977197051,,,k4_envelope_not_measured_for_pair,,,,
506,1.9300156831741333,0.0012546051293611526,0.002769622951745987,0.0015150178223848343,1274,644,False,0.0012546051293611526,False,0.002769622951745987,,,k4_envelope_not_measured_for_pair,,,,
507,2.2619247436523438,0.00048384396359324455,0.05534509941935539,0.05486125545576215,1401,800,False,0.00048384396359324455,False,0.05534509941935539,,,k4_envelope_not_measured_for_pair,,,,
508,2.220423698425293,0.0006457281415350735,0.5073671340942383,0.5067214059527032,1125,572,False,0.0006457281415350735,False,0.5073671340942383,,,k4_envelope_not_measured_for_pair,,,,
509,93.1059799194336,0.0008135057869367301,0.01568581908941269,0.014872313302475959,1094,502,False,0.0008135057869367301,False,0.01568581908941269,,,k4_envelope_not_measured_for_pair,,,,
510,78.71215057373047,0.0010286871111020446,0.008426629938185215,0.00739794282708317,1449,678,False,0.0010286871111020446,False,0.008426629938185215,,,k4_envelope_not_measured_for_pair,,,,
511,83.5230484008789,0.00020351582497823983,0.008525367826223373,0.008321852001245134,1388,900,False,0.00020351582497823983,False,0.008525367826223373,0.37263762950897217,134.29393843301887,beyond_k4_envelope_escalated_to_k_ge_5,0.0003310093597974628,kladder,0.0005878781666979194,kladder
512,95.07147979736328,0.0004626920272130519,0.04037238284945488,0.03990969082224183,1460,580,False,0.0004626920272130519,False,0.04037238284945488,,,k4_envelope_not_measured_for_pair,0.0004656262171920389,ext_b,,
513,159.74647521972656,0.0004998599761165679,0.34882643818855286,0.3483265782124363,1254,611,False,0.0004998599761165679,False,0.34882643818855286,,,k4_envelope_not_measured_for_pair,,,,
514,0.480548620223999,0.0006008173804730177,0.019302040338516235,0.018701222958043218,1248,564,False,0.0006008173804730177,False,0.019302040338516235,,,k4_envelope_not_measured_for_pair,,,,
515,3.056020736694336,0.00017279130406677723,0.00021719637152273208,4.440506745595485e-05,1490,671,False,0.00017279130406677723,False,0.00021719637152273208,,,k4_envelope_not_measured_for_pair,,,,
516,148.4889373779297,0.0005849204608239233,0.024236762896180153,0.02365184243535623,1618,676,False,0.0005849204608239233,False,0.024236762896180153,,,k4_envelope_not_measured_for_pair,,,,
517,8.655950546264648,0.0005366203258745372,0.17285479605197906,0.17231817572610453,1881,730,False,0.0005366203258745372,False,0.17285479605197906,,,k4_envelope_not_measured_for_pair,,,,
518,0.08075304329395294,0.00031004362972453237,0.02189076505601406,0.02158072142628953,2131,970,False,0.00031004362972453237,False,0.02189076505601406,,,k4_envelope_not_measured_for_pair,,,,
519,1.7998486757278442,0.00010265809396514669,0.0004208274476695806,0.0003181693537044339,2269,810,False,0.00010265809396514669,False,0.0004208274476695806,,,k4_envelope_not_measured_for_pair,,,,
520,0.02957967482507229,0.0003360644041094929,0.014930062927305698,0.014593998523196205,1124,588,False,0.0003360644041094929,False,0.014930062927305698,,,k4_envelope_not_measured_for_pair,,,,
521,3.8597793579101562,0.00036740140058100224,0.008053446188569069,0.007686044787988067,1552,572,False,0.00036740140058100224,False,0.008053446188569069,,,k4_envelope_not_measured_for_pair,,,,
522,10.072298049926758,0.0001488410052843392,0.004851437173783779,0.00470259616849944,1790,817,False,0.0001488410052843392,False,0.004851437173783779,,,k4_envelope_not_measured_for_pair,,,,
523,58.30075454711914,0.10340989381074905,0.39450204372406006,0.291092149913311,1664,639,True,0.0005474535282701254,True,0.0006012324593029916,,,k4_envelope_not_measured_for_pair,,,,
524,0.2510182857513428,0.00021409826877061278,0.002694164402782917,0.0024800661340123042,1209,721,False,0.00021409826877061278,False,0.002694164402782917,,,k4_envelope_not_measured_for_pair,,,,
525,0.004705019760876894,0.00024378129455726594,0.004974352661520243,0.004730571366962977,993,472,False,0.00024378129455726594,False,0.004974352661520243,,,k4_envelope_not_measured_for_pair,,,,
526,50.602474212646484,1.924500975292176e-05,0.2339712232351303,0.2339519782253774,981,485,False,1.924500975292176e-05,False,0.2339712232351303,,,k4_envelope_not_measured_for_pair,,,,
527,4.590392589569092,9.799553663469851e-05,0.06139286980032921,0.06129487426369451,1289,496,False,9.799553663469851e-05,False,0.06139286980032921,,,k4_envelope_not_measured_for_pair,,,,
528,146.11073303222656,0.0007225049776025116,0.0012674682075157762,0.0005449632299132645,1032,443,False,0.0007225049776025116,False,0.0012674682075157762,,,k4_envelope_not_measured_for_pair,,,,
529,8.054380416870117,7.600317621836439e-05,0.1467026323080063,0.14662662913178792,1276,478,False,7.600317621836439e-05,False,0.1467026323080063,,,k4_envelope_not_measured_for_pair,,,,
530,15.165420532226562,0.00015484364121221006,0.05065017566084862,0.05049533201963641,1024,420,False,0.00015484364121221006,False,0.05065017566084862,,,k4_envelope_not_measured_for_pair,,,,
531,63.89418411254883,0.00112404755782336,0.10120218247175217,0.1000781349139288,1190,414,False,0.00112404755782336,False,0.10120218247175217,,,k4_envelope_not_measured_for_pair,,,,
532,1.6786586046218872,0.00016349070938304067,0.0007734561804682016,0.000609965471085161,1143,458,False,0.00016349070938304067,False,0.0007734561804682016,,,k4_envelope_not_measured_for_pair,,,,
533,153.16871643066406,0.0005483363638632,0.003667506156489253,0.003119169792626053,1025,445,False,0.0005483363638632,False,0.003667506156489253,,,k4_envelope_not_measured_for_pair,,,,
534,0.7036322951316833,0.00018203868239652365,0.13194052875041962,0.1317584900680231,1248,443,False,0.00018203868239652365,False,0.13194052875041962,,,k4_envelope_not_measured_for_pair,,,,
535,0.40181031823158264,0.00033151498064398766,0.010716226883232594,0.010384711902588606,1026,382,False,0.00033151498064398766,False,0.010716226883232594,,,k4_envelope_not_measured_for_pair,0.000779976136982441,ext_a,,
536,0.30973029136657715,0.00021340999228414148,0.004095278214663267,0.0038818682223791257,1109,503,False,0.00021340999228414148,False,0.004095278214663267,,,k4_envelope_not_measured_for_pair,,,,
537,0.03843202814459801,0.00021358362573664635,0.0023703540209680796,0.002156770395231433,1133,602,False,0.00021358362573664635,False,0.0023703540209680796,,,k4_envelope_not_measured_for_pair,,,,
538,75.10002136230469,0.00021499676222447306,0.00030019241967238486,8.51956574479118e-05,1181,576,False,0.00021499676222447306,False,0.00030019241967238486,,,k4_envelope_not_measured_for_pair,,,,
539,53.45917892456055,0.00875531043857336,0.0013557601487264037,-0.007399550289846957,1393,625,True,6.631625001318753e-05,False,0.0013557601487264037,,,k4_envelope_not_measured_for_pair,,,,
540,0.12316756695508957,0.00019941628852393478,0.010896224528551102,0.010696808240027167,1035,585,False,0.00019941628852393478,False,0.010896224528551102,,,k4_envelope_not_measured_for_pair,,,,
541,8.036308288574219,0.0002208929363405332,0.0016288426704704762,0.001407949734129943,1263,463,False,0.0002208929363405332,False,0.0016288426704704762,,,k4_envelope_not_measured_for_pair,,,,
542,0.28044363856315613,0.00030207011150196195,0.0036328581627458334,0.0033307880512438715,1298,609,False,0.00030207011150196195,False,0.0036328581627458334,,,k4_envelope_not_measured_for_pair,,,,
543,1.3524951934814453,0.0005070414044894278,0.0012995066354051232,0.0007924652309156954,1191,563,False,0.0005070414044894278,False,0.0012995066354051232,,,k4_envelope_not_measured_for_pair,,,,
544,51.24424362182617,0.00022047343372832984,0.14478245377540588,0.14456198034167755,1197,529,False,0.00022047343372832984,False,0.14478245377540588,,,k4_envelope_not_measured_for_pair,,,,
545,148.8117218017578,0.00010694127558963373,0.00934524554759264,0.009238304272003006,1413,679,False,0.00010694127558963373,False,0.00934524554759264,,,k4_envelope_not_measured_for_pair,,,,
546,143.8345184326172,0.00023328361567109823,3.1722412109375,3.172007927321829,1132,553,False,0.00023328361567109823,False,3.1722412109375,,,k4_envelope_not_measured_for_pair,,,,
547,0.06690746545791626,0.0005658823647536337,3.36336612701416,3.3628002446494065,1603,699,False,0.0005658823647536337,False,3.36336612701416,,,k4_envelope_not_measured_for_pair,,,,
548,6.7779316902160645,0.0003148186660837382,0.006505768280476332,0.0061909496143925935,1024,464,False,0.0003148186660837382,False,0.006505768280476332,,,k4_envelope_not_measured_for_pair,,,,
549,1.5199936628341675,0.0006108141387812793,0.0010839933529496193,0.00047317921416833997,1148,461,False,0.0006108141387812793,False,0.0010839933529496193,,,k4_envelope_not_measured_for_pair,,,,
550,16.12599754333496,0.0006162026547826827,0.0055575501173734665,0.004941347462590784,1137,489,False,0.0006162026547826827,False,0.0055575501173734665,,,k4_envelope_not_measured_for_pair,,,,
551,0.39901629090309143,0.0005400576628744602,0.0004217474488541484,-0.00011831021402031183,1208,615,False,0.0005400576628744602,False,0.0004217474488541484,,,k4_envelope_not_measured_for_pair,,,,
552,0.8919752240180969,0.0005794506869278848,0.017818214371800423,0.017238763684872538,1079,600,False,0.0005794506869278848,False,0.017818214371800423,,,k4_envelope_not_measured_for_pair,,,,
553,158.53311157226562,0.0003617157635744661,0.11063629388809204,0.11027457812451757,1012,588,False,0.0003617157635744661,False,0.11063629388809204,,,k4_envelope_not_measured_for_pair,,,,
554,1.905938744544983,0.00020778883481398225,0.0010928352130576968,0.0008850463782437146,901,401,False,0.00020778883481398225,False,0.0010928352130576968,,,k4_envelope_not_measured_for_pair,,,,
555,47.37507629394531,0.0024035850074142218,0.5856236815452576,0.5832200965378433,1066,546,False,0.0024035850074142218,False,0.5856236815452576,,,k4_envelope_not_measured_for_pair,,,,
556,0.3299139738082886,0.0002581333974376321,0.003192565403878689,0.0029344320064410567,1123,606,False,0.0002581333974376321,False,0.003192565403878689,,,k4_envelope_not_measured_for_pair,,,,
557,106.80086517333984,0.000520140107255429,0.6269850730895996,0.6264649329823442,1025,575,False,0.000520140107255429,False,0.6269850730895996,,,k4_envelope_not_measured_for_pair,,,,
558,48.33304977416992,0.00013631848560180515,0.017809567973017693,0.017673249487415887,812,399,False,0.00013631848560180515,False,0.017809567973017693,,,k4_envelope_not_measured_for_pair,,,,
559,0.6850406527519226,8.10739365988411e-05,0.00012743812112603337,4.6364184527192265e-05,1163,612,False,8.10739365988411e-05,False,0.00012743812112603337,,,k4_envelope_not_measured_for_pair,,,,
560,0.9745683073997498,0.00014628017379436642,0.032660048454999924,0.03251376828120556,898,486,False,0.00014628017379436642,False,0.032660048454999924,,,k4_envelope_not_measured_for_pair,,,,
561,0.2796909511089325,0.00014723741333000362,0.10523095726966858,0.10508371985633858,977,445,False,0.00014723741333000362,False,0.10523095726966858,,,k4_envelope_not_measured_for_pair,,,,
562,4.338669776916504,5.6206383305834606e-05,0.0035644927993416786,0.003508286416035844,1034,479,False,5.6206383305834606e-05,False,0.0035644927993416786,,,k4_envelope_not_measured_for_pair,,,,
563,13.453998565673828,0.0006101632607169449,0.21769888699054718,0.21708872372983024,1068,457,False,0.0006101632607169449,False,0.21769888699054718,,,k4_envelope_not_measured_for_pair,,,,
564,127.3370132446289,0.0006562733906321228,0.009394715540111065,0.008738442149478942,1106,414,False,0.0006562733906321228,False,0.009394715540111065,,,k4_envelope_not_measured_for_pair,,,,
565,0.34468162059783936,0.0002121677971445024,0.007720607798546553,0.00750844000140205,1088,458,False,0.0002121677971445024,False,0.007720607798546553,,,k4_envelope_not_measured_for_pair,,,,
566,0.44389405846595764,0.00026590193738229573,0.03495001792907715,0.03468411599169485,1322,574,False,0.00026590193738229573,False,0.03495001792907715,,,k4_envelope_not_measured_for_pair,,,,
567,3.738997459411621,0.0008985839667730033,0.0033695856109261513,0.002471001644153148,1178,551,False,0.0008985839667730033,False,0.0033695856109261513,,,k4_envelope_not_measured_for_pair,,,,
568,0.5657992362976074,0.0002642683975864202,0.15478983521461487,0.15452556681702845,1306,686,False,0.0002642683975864202,False,0.15478983521461487,,,k4_envelope_not_measured_for_pair,,,,
569,0.15808729827404022,0.00021510499936994165,0.04287322238087654,0.0426581173815066,1248,615,False,0.00021510499936994165,False,0.04287322238087654,,,k4_envelope_not_measured_for_pair,,,,
570,0.5641706585884094,0.0005856096395291388,0.0027925893664360046,0.002206979726906866,1566,750,False,0.0005856096395291388,False,0.0027925893664360046,,,k4_envelope_not_measured_for_pair,,,,
571,5.2013139724731445,0.0009999809553846717,0.028815312311053276,0.027815331355668604,1423,674,False,0.0009999809553846717,False,0.028815312311053276,,,k4_envelope_not_measured_for_pair,,,,
572,0.05934518948197365,6.0365808167262e-05,0.00015091382374521345,9.054801557795145e-05,1506,625,False,6.0365808167262e-05,False,0.00015091382374521345,,,k4_envelope_not_measured_for_pair,,,,
573,66.62946319580078,0.0012142140185460448,0.03158317878842354,0.030368964769877493,1256,621,False,0.0012142140185460448,False,0.03158317878842354,,,k4_envelope_not_measured_for_pair,,,,
574,0.43484771251678467,1.1992019608442206e-05,0.003469773568212986,0.003457781548604544,1144,587,False,1.1992019608442206e-05,False,0.003469773568212986,,,k4_envelope_not_measured_for_pair,,,,
575,0.0808301791548729,0.0003910361265297979,0.09502125531435013,0.09463021918782033,1609,795,False,0.0003910361265297979,False,0.09502125531435013,,,k4_envelope_not_measured_for_pair,,,,
576,49.7005615234375,0.00024840538389980793,0.21266679465770721,0.2124183892738074,1309,559,False,0.00024840538389980793,False,0.21266679465770721,,,k4_envelope_not_measured_for_pair,,,,
577,160.4854278564453,0.00019871121912728995,1.845261573791504,1.8450628625723766,1124,460,False,0.00019871121912728995,False,1.845261573791504,,,k4_envelope_not_measured_for_pair,,,,
578,0.011212305165827274,8.990053902380168e-05,0.015676038339734077,0.015586137800710276,1120,511,False,8.990053902380168e-05,False,0.015676038339734077,,,k4_envelope_not_measured_for_pair,,,,
579,0.7176781296730042,0.0007068991544656456,0.004495929926633835,0.0037890307721681893,1403,792,False,0.0007068991544656456,False,0.004495929926633835,,,k4_envelope_not_measured_for_pair,,,,
580,77.05746459960938,4.301085937186144e-05,0.009804428555071354,0.009761417695699492,1107,504,False,4.301085937186144e-05,False,0.009804428555071354,,,k4_envelope_not_measured_for_pair,,,,
581,1.19112229347229,0.00016709936608094722,0.003902177093550563,0.0037350777274696156,1103,524,False,0.00016709936608094722,False,0.003902177093550563,,,k4_envelope_not_measured_for_pair,,,,
582,151.28602600097656,3.4193293686257675e-05,14.601204872131348,14.601170678837661,1141,528,False,3.4193293686257675e-05,False,14.601204872131348,,,k4_envelope_not_measured_for_pair,,,,
583,0.04589113965630531,0.0006039294530637562,0.07109029591083527,0.07048636645777151,1162,375,False,0.0006039294530637562,False,0.07109029591083527,,,k4_envelope_not_measured_for_pair,,,,
584,48.354644775390625,4.775472552864812e-05,0.024093830958008766,0.024046076232480118,1356,735,False,4.775472552864812e-05,False,0.024093830958008766,,,k4_envelope_not_measured_for_pair,,,,
585,2.261854887008667,0.00022153923055157065,0.01332536619156599,0.01310382696101442,1172,613,False,0.00022153923055157065,False,0.01332536619156599,,,k4_envelope_not_measured_for_pair,,,,
586,1.3392138481140137,2.6947584046865813e-05,0.0022761698346585035,0.0022492222506116377,1314,529,False,2.6947584046865813e-05,False,0.0022761698346585035,,,k4_envelope_not_measured_for_pair,,,,
587,1.5814400911331177,0.0005794540629722178,0.009977851063013077,0.009398397000040859,1585,679,False,0.0005794540629722178,False,0.009977851063013077,,,k4_envelope_not_measured_for_pair,,,,
588,34.758174896240234,2.455722824379336e-05,0.0008869378943927586,0.0008623806661489652,1840,558,False,2.455722824379336e-05,False,0.0008869378943927586,,,k4_envelope_not_measured_for_pair,,,,
589,49.11031723022461,1.9108570995740592e-05,0.0013737775152549148,0.0013546689442591742,1296,542,False,1.9108570995740592e-05,False,0.0013737775152549148,,,k4_envelope_not_measured_for_pair,0.00029997952515259385,ext_b,,
590,177.36549377441406,0.0005405168631114066,0.011139490641653538,0.010598973778542131,1078,575,False,0.0005405168631114066,False,0.011139490641653538,,,k4_envelope_not_measured_for_pair,,,,
591,0.6453619003295898,1.2600798982020933e-05,0.03879681974649429,0.03878421894751227,1406,521,False,1.2600798982020933e-05,False,0.03879681974649429,,,k4_envelope_not_measured_for_pair,,,,
592,2.630683660507202,0.0003292044857516885,0.02755042165517807,0.02722121716942638,1210,530,False,0.0003292044857516885,False,0.02755042165517807,,,k4_envelope_not_measured_for_pair,0.00044955164776183665,ext_a,,
593,122.26514434814453,0.00047796510625630617,0.4587463140487671,0.4582683489425108,1198,587,False,0.00047796510625630617,False,0.4587463140487671,,,k4_envelope_not_measured_for_pair,,,,
594,0.09809610992670059,0.0003471488307695836,0.003186643123626709,0.0028394942928571254,1141,466,False,0.0003471488307695836,False,0.003186643123626709,,,k4_envelope_not_measured_for_pair,,,,
595,2.0043673515319824,0.00020106190640944988,0.02979654259979725,0.0295954806933878,966,445,False,0.00020106190640944988,False,0.02979654259979725,,,k4_envelope_not_measured_for_pair,,,,
596,0.8294102549552917,0.0004952720482833683,0.037199053913354874,0.036703781865071505,1000,528,False,0.0004952720482833683,False,0.037199053913354874,,,k4_envelope_not_measured_for_pair,,,,
597,6.902637958526611,9.531388786854222e-05,0.3401704728603363,0.34007515897246776,1164,579,False,9.531388786854222e-05,False,0.3401704728603363,,,k4_envelope_not_measured_for_pair,,,,
598,0.4208795726299286,1.736697777232621e-05,0.06606721132993698,0.06604984435216465,979,445,False,1.736697777232621e-05,False,0.06606721132993698,,,k4_envelope_not_measured_for_pair,,,,
599,0.250471830368042,0.0002582401502877474,0.034508317708969116,0.03425007755868137,858,458,False,0.0002582401502877474,False,0.034508317708969116,,,k4_envelope_not_measured_for_pair,,,,
