{
  "n_frames": 40,
  "resolution": "874x1164",
  "flow_method": "farneback",
  "flow_time_s": 3.147709846496582,
  "delta_statistics": {
    "mean_l1": 3.4781060218811035,
    "mean_linf": 139.1238555908203,
    "entropy_bits_per_element": 4.239574909210205,
    "frame_entropy_bits_per_element": 6.020172119140625,
    "compression_gain_from_flow": 1.4199942796298248
  },
  "sparsity": {
    "below_1.0": 0.2645249664783478,
    "below_2.0": 0.45530179142951965,
    "below_5.0": 0.7693914771080017,
    "below_10.0": 0.936503529548645,
    "below_20.0": 0.992795467376709
  },
  "flow_statistics": {
    "mean_magnitude_px": 0.7733266002092606,
    "max_magnitude_px": 1.392533540725708,
    "std_magnitude_px": 0.21062954907282289
  },
  "archive_estimate": {
    "anchor_bytes": 3052008,
    "deltas_entropy_bytes": 63078680,
    "flow_bytes_int8": 79352208,
    "total_bytes": 145482896,
    "total_kb": 142073.1412403374,
    "feasible_under_250kb": false
  },
  "warp_errors_per_frame": [
    5.835480690002441,
    5.547633647918701,
    5.297125816345215,
    4.524347305297852,
    3.6098053455352783,
    3.3021600246429443,
    3.2702887058258057,
    3.1013317108154297,
    3.0359363555908203,
    3.0724918842315674,
    2.897392749786377,
    2.9238121509552,
    2.9943761825561523,
    2.8914520740509033,
    4.283700942993164,
    3.1034536361694336,
    2.8319361209869385,
    2.7183494567871094,
    2.745084524154663,
    3.0831265449523926,
    3.137843132019043,
    3.1363742351531982,
    3.064875364303589,
    3.1080245971679688,
    3.1211159229278564,
    3.107849597930908,
    3.3003721237182617,
    3.321120500564575,
    3.284315824508667,
    4.402059078216553,
    3.9130077362060547,
    3.404524087905884,
    3.5040109157562256,
    3.4223484992980957,
    3.420262336730957,
    3.4173777103424072,
    3.4292678833007812,
    3.4970543384552,
    3.585052967071533
  ],
  "flow_magnitudes_per_frame": [
    1.2302813529968262,
    1.3898743391036987,
    1.392533540725708,
    1.0752050876617432,
    0.6347168684005737,
    0.6372259855270386,
    0.5998992919921875,
    0.5557916164398193,
    0.6612737774848938,
    0.8311624526977539,
    0.82941073179245,
    0.878133237361908,
    0.8180103302001953,
    0.5941408276557922,
    0.7739032506942749,
    0.6973434686660767,
    0.5495883226394653,
    0.6558365821838379,
    0.842426061630249,
    0.6671670079231262,
    0.7736752033233643,
    0.5242137908935547,
    0.5286394953727722,
    0.6046789288520813,
    0.5400968790054321,
    0.5974904894828796,
    0.7400144934654236,
    0.8813284039497375,
    0.7901325821876526,
    0.925590455532074,
    0.6820790767669678,
    0.670114278793335,
    0.7246173024177551,
    0.6083903312683105,
    0.6821203231811523,
    0.9001395106315613,
    0.9306536912918091,
    0.9518759846687317,
    0.7899620532989502
  ]
}