{
  "schema": "qma9_range_mask_cpp_full_profile_v1",
  "implementation": "experiments/qma9_range_mask_cpp_profiler.cpp",
  "header": {"frame_count": 600, "height": 512, "width": 384, "decoded_pixels": 117964800, "bitstream_bytes": 158991},
  "arithmetic_final_state": {"low": 1716365491, "high": 4177188207, "value": 2147483648, "bits_consumed": 1271926},
  "estimated_model_bits": 1271926.811580,
  "actual_bitstream_bits": 1271928,
  "stage_counts": {"up_gate": 117964800, "left_gate": 569805, "prev_gate": 160432, "class_fallback": 77582},
  "stage_estimated_bits": {"up_gate": 1233870.669770, "left_gate": 21814.881306, "prev_gate": 5284.969128, "class_fallback": 10956.291377},
  "predictor_counts": {"up": 117394995, "left": 409373, "prev": 82850, "class_fallback": 77582},
  "class_counts": {"0": 27408427, "1": 690063, "2": 58413695, "3": 1459867, "4": 29992748},
  "class_estimated_bits": {"0": 1051332.184440, "1": 126713.425321, "2": 51173.845405, "3": 32524.502587, "4": 10182.853887},
  "run_structure": {"horizontal_runs": 1584702, "horizontal_run_pixels": 117964800, "max_horizontal_run": 229, "buckets": {"1": 89822, "2": 151839, "3": 56215, "4_7": 143515, "8_15": 97285, "16_31": 81858, "32_63": 124081, "64_plus": 840087}},
  "fallback_extra_predictor_matches": {"up_left": 1111, "up_right": 60606, "prev_right": 27726, "prev_down": 12168, "up2": 659, "left2": 3369, "fallback_events": 77582},
  "per_frame_estimated_bytes": [338.201416, 321.970222, 253.449830, 286.356184, 254.028451, 266.004350, 258.351747, 267.045878, 229.899708, 276.336283, 265.456925, 230.584031, 280.320183, 305.691195, 255.643062, 281.647692, 254.083276, 252.266264, 278.433282, 227.925033, 263.099782, 246.815009, 284.793345, 254.554675, 238.391726, 250.741451, 270.996081, 271.666453, 249.066615, 288.812680, 274.700623, 288.105175, 260.872590, 273.551088, 256.885249, 264.385048, 262.379840, 238.900314, 243.240796, 279.373461, 251.624714, 251.991331, 236.542471, 272.513709, 294.328428, 269.085292, 240.914879, 241.939017, 287.641328, 305.571856, 288.073175, 267.971565, 299.018515, 294.031221, 286.140773, 275.237979, 284.107385, 270.154189, 255.594554, 266.240217, 258.850360, 300.989741, 288.285186, 253.972924, 245.393841, 339.118829, 319.314346, 314.002353, 270.370713, 259.953058, 359.626811, 312.381419, 321.681377, 290.141209, 352.968020, 292.552827, 283.122410, 289.721447, 315.976485, 311.356461, 261.889641, 242.061577, 238.864746, 305.023209, 290.507253, 226.622010, 295.003941, 269.808948, 277.698751, 229.157881, 250.388199, 242.210875, 276.076757, 284.676521, 237.157756, 256.230415, 268.970544, 270.708081, 255.117933, 295.833690, 272.410837, 290.794507, 299.916682, 309.218568, 317.387546, 284.708560, 306.788364, 284.626143, 279.489738, 247.372565, 275.402595, 271.877127, 308.267531, 245.848369, 256.218318, 276.818091, 258.639102, 298.753881, 293.178144, 285.357664, 288.820378, 262.313355, 299.856070, 271.619655, 288.502220, 267.504097, 259.714504, 252.113006, 281.296735, 270.018019, 217.926597, 230.170155, 233.172371, 319.451641, 318.792633, 247.127265, 286.654598, 301.628453, 304.408037, 257.048121, 296.030465, 260.750941, 297.135756, 248.355133, 228.639201, 271.376854, 269.653534, 263.250891, 272.539228, 237.305571, 239.152059, 272.008248, 276.117223, 262.811115, 278.653333, 240.401688, 252.891973, 275.008721, 325.434783, 301.651111, 279.453424, 276.383048, 267.612245, 304.420587, 284.160871, 280.158626, 285.854933, 246.674264, 290.222999, 228.542274, 250.901677, 249.107158, 254.840180, 283.720226, 242.699043, 257.143816, 251.798906, 344.090477, 287.579662, 237.142817, 248.239164, 250.553605, 292.228488, 253.958919, 225.455537, 241.351209, 255.927660, 277.592276, 246.949765, 293.961426, 248.521536, 323.851151, 317.695925, 232.276959, 291.174460, 266.261904, 328.387972, 266.631655, 274.022080, 268.920447, 272.655068, 288.413324, 265.261861, 277.310545, 239.642379, 269.081246, 255.761572, 226.865724, 223.937188, 201.920114, 301.105312, 225.081113, 217.159994, 204.048901, 255.256986, 273.109337, 214.530171, 226.388634, 220.331078, 253.578238, 251.500779, 194.363276, 240.445169, 237.099293, 260.849229, 236.783842, 223.795991, 235.428379, 255.247080, 239.353910, 207.203118, 242.410823, 237.240198, 272.218594, 216.346824, 188.531500, 242.094117, 225.617304, 240.146936, 190.347501, 202.319243, 230.266157, 228.993973, 210.684949, 176.212741, 223.381997, 220.194764, 238.363455, 228.995891, 198.587707, 204.855792, 204.400378, 294.123330, 226.364951, 222.726176, 195.472672, 250.852069, 275.371070, 196.269708, 261.038325, 225.421513, 285.149050, 221.394918, 237.749104, 241.057377, 243.467690, 262.985796, 243.666564, 252.833573, 228.152255, 252.067357, 246.716043, 221.775897, 246.738509, 218.321573, 289.367819, 235.027400, 236.033660, 249.519778, 265.093399, 296.913998, 245.863529, 276.468927, 253.150699, 318.530516, 291.586455, 271.898075, 232.269391, 280.306717, 311.641908, 243.936129, 285.991828, 265.444664, 296.287652, 253.395247, 246.767475, 259.683579, 244.582851, 263.084124, 237.688404, 250.265051, 231.690892, 257.249267, 258.044443, 227.184937, 262.715856, 244.759549, 299.154321, 222.140694, 256.382299, 276.275018, 256.457583, 286.561017, 228.038959, 264.126848, 259.962627, 294.524251, 254.322811, 249.447341, 258.611786, 257.863756, 284.651118, 228.735257, 271.226523, 253.254588, 273.677455, 245.850768, 235.152634, 250.241871, 269.517483, 285.897860, 257.049974, 290.656492, 242.538816, 272.887364, 266.340010, 234.222494, 271.284122, 243.378042, 249.943944, 237.313722, 243.353612, 245.606623, 247.918162, 248.678114, 257.962924, 243.451984, 223.453273, 276.853931, 234.561855, 228.217818, 222.934001, 254.404863, 246.300213, 265.166915, 240.179003, 230.978868, 259.522258, 286.469292, 242.156909, 212.353686, 266.239227, 262.051508, 244.000665, 263.009154, 230.243418, 251.873387, 259.525669, 235.627845, 227.890222, 229.025507, 235.888867, 258.486121, 223.317999, 237.578814, 243.611323, 250.291385, 250.520647, 214.218247, 234.932267, 223.037969, 262.238805, 224.858561, 216.085456, 234.556081, 241.229606, 261.942948, 220.750663, 212.262812, 234.445201, 259.773973, 239.831228, 233.809776, 236.037477, 246.222348, 252.742104, 271.192831, 230.524148, 226.846539, 270.358920, 266.420577, 259.851788, 225.211985, 253.894577, 291.023873, 251.926004, 240.752336, 237.474699, 247.841747, 288.123537, 225.016944, 235.493050, 270.475554, 272.615980, 250.651549, 222.315475, 240.065981, 237.532976, 281.302976, 249.331731, 224.917859, 239.416917, 271.226343, 279.812521, 234.427793, 224.441506, 233.792171, 256.403462, 257.038410, 207.616498, 212.576921, 206.779796, 240.856420, 236.792276, 236.851917, 215.635358, 231.348998, 241.912737, 231.266087, 250.210526, 276.115671, 243.310097, 294.577239, 244.008182, 231.168036, 244.773729, 256.611251, 250.847343, 260.225323, 285.384958, 261.262229, 303.611698, 262.056246, 258.265877, 280.923998, 261.887060, 295.288088, 257.441539, 235.453737, 288.845941, 279.965769, 275.036506, 248.120374, 250.519378, 282.376738, 300.443159, 285.434864, 298.858253, 306.388830, 285.138494, 330.441235, 303.048401, 260.710085, 312.722546, 279.297965, 283.510752, 289.120758, 236.761284, 266.156205, 271.742120, 282.406405, 265.215574, 251.767918, 261.168816, 292.979300, 240.728368, 250.831169, 271.592081, 309.840695, 285.546368, 274.526097, 255.204749, 282.616379, 298.166443, 276.431825, 283.444592, 279.355861, 315.723211, 273.773124, 285.000936, 248.824445, 277.076060, 310.220730, 304.273613, 292.137503, 280.723355, 319.281176, 293.205280, 297.326081, 275.635169, 315.674595, 297.169545, 287.933004, 288.451425, 311.518998, 330.917311, 329.132950, 428.008054, 358.906663, 360.144882, 327.995714, 301.323233, 387.934739, 280.574040, 284.516399, 288.907163, 252.664206, 285.085427, 226.673359, 317.428598, 242.595057, 285.241388, 286.343657, 267.321665, 314.881423, 247.935611, 290.987609, 312.974127, 289.665703, 297.571733, 313.748328, 276.706120, 296.247336, 328.999824, 273.948603, 295.929000, 