{
  "builder_config": {
    "alpha4_crf": 52,
    "alpha4_fps": 20,
    "class_priority": [
      2,
      1,
      3,
      4,
      0
    ],
    "fail_on_partial_repair": false,
    "max_frames": null,
    "max_repair_pixels": 2000000,
    "max_repair_runs": 1000000
  },
  "candidate": {
    "alpha4": {
      "agreement_before_repair": {
        "argmax_agreement": 0.997989357842,
        "argmax_disagreement": 0.002010642158,
        "candidate_shape": [
          1200,
          384,
          512
        ],
        "different_pixels": 474370,
        "different_pixels_by_candidate_class": {
          "0": 27377,
          "1": 9149,
          "2": 198651,
          "3": 121107,
          "4": 118086
        },
        "different_pixels_by_source_class": {
          "0": 196201,
          "1": 152556,
          "2": 62236,
          "3": 45353,
          "4": 18024
        },
        "equal_pixels": 235455230,
        "num_pixels": 235929600,
        "residual_confusion_source_to_candidate": {
          "0": {
            "0": 0,
            "1": 753,
            "2": 168521,
            "3": 3961,
            "4": 22966
          },
          "1": {
            "0": 4126,
            "1": 0,
            "2": 16059,
            "3": 109281,
            "4": 23090
          },
          "2": {
            "0": 18867,
            "1": 234,
            "2": 0,
            "3": 5154,
            "4": 37981
          },
          "3": {
            "0": 299,
            "1": 8094,
            "2": 2911,
            "3": 0,
            "4": 34049
          },
          "4": {
            "0": 4085,
            "1": 68,
            "2": 11160,
            "3": 2711,
            "4": 0
          }
        },
        "shape_match": true,
        "source_shape": [
          1200,
          384,
          512
        ]
      },
      "class_to_gray": {
        "0": 0,
        "1": 255,
        "2": 64,
        "3": 192,
        "4": 128
      },
      "crf": 52,
      "decoded_candidate_masks": {
        "class_fractions": {
          "0": 0.231861576504,
          "1": 0.005140978495,
          "2": 0.495752165053,
          "3": 0.012569995456,
          "4": 0.254675284492
        },
        "class_histogram": {
          "0": 54703009,
          "1": 1212909,
          "2": 116962610,
          "3": 2965634,
          "4": 60085438
        },
        "class_id_u8_sha256": "e52ecc1ff23581c0712a6c590c9a75e7441fc3b311fccf33b89487970b375eaf",
        "dtype": "torch.int64",
        "num_pixels": 235929600,
        "shape": [
          1200,
          384,
          512
        ],
        "spatial_boundary_edges_4conn": 4089153,
        "temporal_changed_pixels": 2424195
      },
      "encode_command": [
        "/opt/homebrew/Cellar/ffmpeg/8.1_1/bin/ffmpeg",
        "-y",
        "-hide_banner",
        "-loglevel",
        "error",
        "-fflags",
        "+bitexact",
        "-flags",
        "+bitexact",
        "-f",
        "rawvideo",
        "-vcodec",
        "rawvideo",
        "-s",
        "512x384",
        "-pix_fmt",
        "gray",
        "-r",
        "20",
        "-i",
        "pipe:0",
        "-map_metadata",
        "-1",
        "-c:v",
        "libsvtav1",
        "-crf",
        "52",
        "-preset",
        "6",
        "-svtav1-params",
        "enable-restoration=0:enable-cdef=0:lp=1",
        "-pix_fmt",
        "gray",
        "-an",
        "experiments/results/alpha_mask_candidate_builder_pfp16_20260501_compact_crf_sweep/crf_52/grayscale.mkv"
      ],
      "fps": 20,
      "payload_format": "grayscale_lut_av1_mask_video"
    },
    "archive_member_plan": [
      {
        "candidate_archive_member": "grayscale.mkv",
        "required": true,
        "source_artifact_role": "alpha4_grayscale_lut_video"
      },
      {
        "candidate_archive_member": "alpha4_residual_repair.amr1",
        "required": true,
        "runtime_integration_required": true,
        "source_artifact_role": "alpha4_residual_repair_payload"
      }
    ],
    "artifacts": [
      {
        "candidate_archive_member": "grayscale.mkv",
        "path": "experiments/results/alpha_mask_candidate_builder_pfp16_20260501_compact_crf_sweep/crf_52/grayscale.mkv",
        "raw_payload_sha256": "8c9df9f1edb9aabc7a912fe7bf615d1dabb3cfef7d620029463e2f55a920725a",
        "role": "alpha4_grayscale_lut_video",
        "sha256": "8c9df9f1edb9aabc7a912fe7bf615d1dabb3cfef7d620029463e2f55a920725a",
        "size_bytes": 770124
      },
      {
        "candidate_archive_member": "alpha4_residual_repair.amr1",
        "path": "experiments/results/alpha_mask_candidate_builder_pfp16_20260501_compact_crf_sweep/crf_52/alpha4_residual_repair.amr1",
        "role": "alpha4_residual_repair_payload",
        "sha256": "391560416df77c80766e2431e187cea726f26397053db3a37eace3271cee6d75",
        "size_bytes": 4433447
      }
    ],
    "candidate_archive_readiness": {
      "artifacts_complete_for_selected_frames": true,
      "exact_cuda_auth_eval_required": "archive.zip -> inflate.sh -> upstream/evaluate.py via experiments/contest_auth_eval.py --device cuda",
      "exact_eval_archive_builder_required": true,
      "full_sequence_candidate": true,
      "ready_for_exact_eval_finalist_archive_assembly": true,
      "residual_repair_full_coverage": true
    },
    "evidence_grade": "empirical",
    "name": "alpha4_grayscale_lut_with_residual_runs",
    "promotion_eligible": false,
    "repair": {
      "agreement_after_repair": {
        "argmax_agreement": 1.0,
        "argmax_disagreement": 0.0,
        "candidate_shape": [
          1200,
          384,
          512
        ],
        "different_pixels": 0,
        "different_pixels_by_candidate_class": {
          "0": 0,
          "1": 0,
          "2": 0,
          "3": 0,
          "4": 0
        },
        "different_pixels_by_source_class": {
          "0": 0,
          "1": 0,
          "2": 0,
          "3": 0,
          "4": 0
        },
        "equal_pixels": 235929600,
        "num_pixels": 235929600,
        "residual_confusion_source_to_candidate": {
          "0": {
            "0": 0,
            "1": 0,
            "2": 0,
            "3": 0,
            "4": 0
          },
          "1": {
            "0": 0,
            "1": 0,
            "2": 0,
            "3": 0,
            "4": 0
          },
          "2": {
            "0": 0,
            "1": 0,
            "2": 0,
            "3": 0,
            "4": 0
          },
          "3": {
            "0": 0,
            "1": 0,
            "2": 0,
            "3": 0,
            "4": 0
          },
          "4": {
            "0": 0,
            "1": 0,
            "2": 0,
            "3": 0,
            "4": 0
          }
        },
        "shape_match": true,
        "source_shape": [
          1200,
          384,
          512
        ]
      },
      "header": {
        "candidate_mask_u8_sha256": "e52ecc1ff23581c0712a6c590c9a75e7441fc3b311fccf33b89487970b375eaf",
        "magic": "AMR1",
        "operation": "set decoded_candidate[frame,y,x0:x0+length] = class_id for each record",
        "record_count": 402957,
        "record_struct": ">IHHHB",
        "schema": "alpha4_residual_repair_amr1_v1",
        "selection": {
          "class_priority": [
            2,
            1,
            3,
            4,
            0
          ],
          "fail_on_partial_repair": false,
          "max_repair_pixels": 2000000,
          "max_repair_runs": 1000000,
          "partial_reason": null,
          "partial_repair": false,
          "residual_pixel_coverage": 1.0,
          "selected_repair_pixels": 474370,
          "selected_repair_pixels_by_source_class": {
            "0": 196201,
            "1": 152556,
            "2": 62236,
            "3": 45353,
            "4": 18024
          },
          "strategy": "alpha4_residual_runs_by_source_class_priority",
          "total_residual_pixels": 474370,