{
  "archive_name": "c6_cpu_confirm_ac",
  "archive_path": "experiments/results/lane_substrate_c6_e4_mdl_ibps_modal_t4_dispatch_20260514T144949Z__smoke__5ep_modal/harvested_artifacts/lane_substrate_c6_e4_mdl_ibps_results/output/archive.zip",
  "archive_sha256": "a27328ce02211f1c8ee0cfb4318ace29c438a62cf09a42358481d0273a204607",
  "archive_size_bytes": 224481,
  "grammar": "ibps1",
  "device": "cpu",
  "pair_samples": 24,
  "baseline_seg": 0.5060229897499084,
  "baseline_pose": 0.5526899720231692,
  "baseline_score_components": 52.95323489930518,
  "pair_indices": [
    23,
    51,
    103,
    159,
    180,
    182,
    243,
    254,
    276,
    280,
    289,
    295,
    326,
    420,
    421,
    426,
    445,
    463,
    500,
    503,
    507,
    528,
    548,
    575
  ],
  "decision_grade": true,
  "included_sections": [
    "decoder_blob"
  ],
  "excluded_sections": [
    "encoder_blob"
  ],
  "tier_a": [],
  "tier_b": [
    {
      "section": "decoder_blob",
      "length_bytes": 145198,
      "n_samples": 12,
      "n_inflate_failures": 0,
      "n_significant": 12,
      "significance_threshold": 0.0001,
      "mean_abs_delta": 0.24835605658158322,
      "std_abs_delta": 0.12396569963642905,
      "max_abs_delta": 0.46338769685186776,
      "fraction_significant": 1.0,
      "upper_bound_scorer_extracted_bits": 1161584.0,
      "estimated_scorer_extracted_bits_lo": 1161584.0,
      "samples": [
        {
          "section": "decoder_blob",
          "byte_offset": 7127,
          "bit_offset": null,
          "inflate_success": true,
          "delta_seg": 0.0,
          "delta_pose": 0.03422342737515771,
          "delta_score_components": 0.07169363754263003,
          "elapsed_seconds": 48.44565510749817
        },
        {
          "section": "decoder_blob",
          "byte_offset": 14912,
          "bit_offset": null,
          "inflate_success": true,
          "delta_seg": 0.0,
          "delta_pose": -0.16638835022846854,
          "delta_score_components": -0.385480196513015,
          "elapsed_seconds": 47.50992679595947
        },
        {
          "section": "decoder_blob",
          "byte_offset": 40510,
          "bit_offset": null,
          "inflate_success": true,
          "delta_seg": 0.0,
          "delta_pose": -0.1964061409235,
          "delta_score_components": -0.46338769685186776,
          "elapsed_seconds": 44.0548632144928
        },
        {
          "section": "decoder_blob",
          "byte_offset": 49754,
          "bit_offset": null,
          "inflate_success": true,
          "delta_seg": 0.0,
          "delta_pose": -0.14553645253181452,
          "delta_score_components": -0.33313137607049015,
          "elapsed_seconds": 42.877848863601685
        },
        {
          "section": "decoder_blob",
          "byte_offset": 50278,
          "bit_offset": null,
          "inflate_success": true,
          "delta_seg": 0.0,
          "delta_pose": -0.08766446573038894,
          "delta_score_components": -0.19449091854029632,
          "elapsed_seconds": 42.224786043167114
        },
        {
          "section": "decoder_blob",
          "byte_offset": 57302,
          "bit_offset": null,
          "inflate_success": true,
          "delta_seg": 0.0,
          "delta_pose": -0.141957884033521,
          "delta_score_components": -0.3242832950025232,
          "elapsed_seconds": 39.93174195289612
        },
        {
          "section": "decoder_blob",
          "byte_offset": 91556,
          "bit_offset": null,
          "inflate_success": true,
          "delta_seg": 0.0,
          "delta_pose": -0.1310726292431354,
          "delta_score_components": -0.29760365022902846,
          "elapsed_seconds": 39.54894971847534
        },
        {
          "section": "decoder_blob",
          "byte_offset": 100087,
          "bit_offset": null,
          "inflate_success": true,
          "delta_seg": 0.0,
          "delta_pose": -0.08464596172173816,
          "delta_score_components": -0.18750344258204876,
          "elapsed_seconds": 40.814918994903564
        },
        {
          "section": "decoder_blob",
          "byte_offset": 105732,
          "bit_offset": null,
          "inflate_success": true,
          "delta_seg": 0.0,
          "delta_pose": -0.12873404348889983,
          "delta_score_components": -0.29191691387691776,
          "elapsed_seconds": 40.81701874732971
        },
        {
          "section": "decoder_blob",
          "byte_offset": 111056,
          "bit_offset": null,
          "inflate_success": true,
          "delta_seg": 0.0,
          "delta_pose": -0.10619349529345828,
          "delta_score_components": -0.23788960033156314,
          "elapsed_seconds": 39.56293773651123
        },
        {
          "section": "decoder_blob",
          "byte_offset": 115668,
          "bit_offset": null,
          "inflate_success": true,
          "delta_seg": 0.0,
          "delta_pose": -0.08631234243512148,
          "delta_score_components": -0.19135811930696178,
          "elapsed_seconds": 40.415509939193726
        },
        {
          "section": "decoder_blob",
          "byte_offset": 135811,
          "bit_offset": null,
          "inflate_success": true,
          "delta_seg": 0.0,
          "delta_pose": -0.0007209529479343946,
          "delta_score_components": -0.0015338321316562542,
          "elapsed_seconds": 39.94359111785889
        }
      ]
    }
  ],
  "tier_c": [],
  "mdl_density_estimate_lo": 0.6468164343530187,
  "mdl_density_estimate_hi": 0.6468164343530187,
  "mdl_scorer_extracted_bytes_lo": 145198.0,
  "mdl_scorer_extracted_bytes_hi": 145198.0,
  "zen_floor_band_recommendation": "[0.100, 0.150] \u2014 major architectural breakthrough needed for sub-0.10",
  "notes": [
    "[MDL-ablation-cpu]",
    "[mathematical-derivation]",
    "\u0394score measurements only; absolute scores are NOT contest-CUDA / contest-CPU.",
    "decision_grade=True; MPS is screening-only.",
    "Rate term excluded from score_components; archive size constant across ablations.",
    "Selected Tier A/B sections: decoder_blob."
  ],
  "timestamp_utc": "2026-05-14T17:16:08.023918+00:00",
  "elapsed_seconds_total": 506.1479449272156
}